transaction_amount,transaction_hour,days_since_last_transaction,num_transactions_24h,avg_transaction_amount,distance_from_home,is_fraud
3746.0266483547775,14,310,32,4706.94951672684,586.4007390022252,0
9507.192349792751,11,261,3,4574.5082636329535,845.3088921985812,0
7320.207424172239,15,142,3,67.28849214939544,1759.0250320517625,0
5986.986183486169,23,341,28,2256.081467109307,3808.3793810683133,1
1561.0303857839228,18,315,44,4885.750122927351,2535.4121203013337,0
1560.7892088416902,7,100,15,524.5755984162981,3189.5093727648077,1
581.7780380698264,20,243,41,2743.445624972764,4925.872775453374,1
8661.895281603576,16,11,23,4894.99796013511,3840.027176566048,1
6011.549002420345,22,238,40,2781.9221662882424,2171.8074907060886,0
7081.017705382659,4,48,11,957.1783618310584,2232.2096089827437,0
206.82435846372866,21,41,48,2915.094318162023,3093.860385205025,1
9699.128611767781,15,165,32,1030.1584640082388,3326.8260420945217,1
8324.593965363418,5,81,36,2603.3242718434763,2503.5546291833566,1
2124.1787676720833,7,290,33,379.4706673826165,3224.3061140748996,1
1819.067847103799,17,157,24,3031.358519379879,117.66247207049385,0
1834.8616940244847,11,215,39,2588.781796249509,2148.1143194842207,0
3043.118187352418,14,157,34,3703.4052301197007,1394.6903803673838,0
5248.039559890746,8,133,28,3157.1953510823373,645.8722262155519,0
4320.018241402516,12,66,37,2752.5352799684756,497.73256404387564,0
2913.0001728402212,14,335,7,3451.9964577481246,3015.9608280733373,1
6118.917094329072,9,6,4,728.2701487254319,2618.002735763059,0
1395.7991126597663,15,13,37,2980.8447096804343,1267.9205849818459,0
2922.1543407036465,6,72,1,868.8319080856606,2354.7502938625726,0
3664.2520710936233,16,162,1,4628.355817180885,2461.1615759120414,0
4561.243772186142,22,65,47,350.98718317956497,975.044902193079,1
7851.974437968743,20,346,20,2157.5700009570583,3260.4653094082532,1
1997.538147801439,21,129,19,3482.0294135006698,3904.5967819304524,1
5142.830149697703,6,205,29,2295.530836224611,3957.3177044475947,1
5924.553274051563,13,275,10,469.55531363218273,3012.349153517275,1
465.45767678725724,14,255,18,2771.36129047227,2558.1929125950705,0
6075.840974162482,20,265,28,3211.743225048499,305.03571502697446,0
1706.070712749228,6,24,35,3521.9236318426333,1439.1564942580292,0
651.4508782598099,8,280,43,1872.566474169167,466.3572338908495,0
9488.906486996078,18,252,47,2822.6632554335233,4819.115804392368,0
9656.35469871252,15,309,31,2258.9255099451766,675.4007311288035,1
8084.165083816495,7,288,27,3363.5596333737444,758.8770492555102,0
3046.8330779645335,17,163,11,2921.9492669508445,4447.883091652461,0
977.6234679498323,22,94,49,2633.523535600083,4719.64141738229,1
6842.646032095056,17,269,49,1255.1265905228606,3829.1451961745493,1
4402.084784902273,19,320,38,20.072403563687246,27.02461836334935,0
1221.2603102129435,6,109,5,878.6675598040321,6.731354782818499,0
4952.273924202591,2,335,8,594.1595467066015,1890.503848937254,0
344.85082263106875,17,309,34,2250.932877604624,716.9768500544626,0
9093.294700385743,9,237,48,3065.168172301605,91.93071075798642,0
2588.5410360185692,6,24,12,1073.2941933371928,2320.3334470225236,0
6625.560321255466,16,140,38,4695.894908876264,4715.309487034858,1
3117.79904981802,13,116,1,43.34382482720002,1619.097874512157,0
5201.160143756931,23,24,31,3863.782065675061,3305.7033921434827,1
5467.556083153453,2,78,4,3129.7717999569068,3261.1767656622037,1
1849.3597007997448,11,67,49,1874.0384572279327,1255.4005183258387,0
9695.87669301782,12,172,45,261.9398326179155,3252.1262441193217,1
7751.553100787784,1,11,5,3141.157993203554,1061.6698714344564,0
9395.049916700327,2,287,30,1934.2114291995838,610.0370678844453,1
8948.37867692606,4,127,24,4681.973025671963,3506.9164277984505,1
5979.401888132041,10,95,3,2714.530473699932,567.2040855195837,0
9218.820475996145,7,91,11,4698.861041354606,4984.546092946776,1
885.836528017143,22,140,45,1110.2136304317874,917.2620057511466,0
1960.6326413290328,22,30,4,3631.3722927168756,2970.7093137822876,0
453.2276618164701,11,333,26,3090.072614035141,2056.872857062947,0
3253.97797730188,6,19,27,3699.647066858246,631.9321120283355,0
3887.3842196051305,14,145,46,1081.1926412229586,139.219537887067,0
2714.218968707185,23,315,43,3328.3226360264907,3113.6614114641666,1
8287.546354010141,16,159,27,2495.221561353776,4033.7878189456305,1
3568.176513609199,3,348,42,3716.696624782518,4210.07830753372,1
2810.0641623641204,21,42,6,1641.9527743175706,2413.5673653846725,0
5427.418135499326,12,253,15,4451.38455707161,3887.277335911928,1
1410.1013255226517,17,129,30,430.66355991063836,3364.2356674427238,1
8022.1676105596425,0,59,42,4037.8747007680286,3621.272637495666,1
746.4318861540285,15,150,37,4307.984932817303,2462.9950261090703,0
9868.882479068572,12,286,37,4088.089033720438,3167.0587012106353,1
7722.675448197278,9,4,42,2568.504707366262,4027.629567880285,1
1987.9580996601899,11,265,37,2197.541050353499,1989.4208777851152,0
56.21564911890039,1,344,35,4981.348809759135,4029.8945043379185,1
8154.798823119887,22,129,23,1153.568036558669,2960.0842139453143,0
7068.8665811323235,2,266,6,2738.9110697214624,829.5051218539312,0
7290.342673241832,9,177,4,3356.6708716578046,123.42078612292306,0
7712.932196512771,1,252,18,3507.3295029485457,1813.7680019957602,1
741.3724726891695,22,55,9,1028.0830820355077,2733.481641481699,0
3585.2988197141817,12,82,49,3273.430520775608,4199.101761017442,1
1159.574726191772,12,98,29,4093.664136741873,637.428400701231,0
8631.17115533006,17,148,13,259.59269833734993,4001.0317384178957,1
6233.3579701487515,2,328,47,4558.49125369333,4315.045230336134,1
3309.649350501639,6,155,17,157.2252351745776,753.437435004169,0
636.5199445099503,13,189,45,1786.2954521170877,4257.971596521095,1
3110.5122348349064,19,262,32,88.90784920248072,4957.2678392139605,1
3252.5080369454436,16,79,48,394.9543910125135,3634.1941552411877,0
7296.332177202303,20,251,22,4556.729743048595,3923.8484091249397,1
6375.937156080776,11,96,4,1780.7555454232777,4972.076337794368,1
8872.240213020688,15,259,5,2129.609936821014,3027.4062526297266,1
4722.677036694331,23,259,37,1084.5684630989376,1539.431910081247,0
1196.8228651370787,11,102,41,2989.5078932317315,4187.654170380279,1
7132.734627442727,14,39,49,2978.0680412421702,3072.428887558156,0
7608.089701120358,9,272,13,1867.279955207844,2905.977118604783,0
5613.2106984973925,6,100,34,1671.8440103089379,1268.1777775701914,0
7709.900832365655,19,358,45,4425.971897821133,3781.671347914433,1
4938.462168047543,4,307,22,1922.588355814585,408.33637930048127,0
5227.805560990559,0,220,23,2472.569950850497,4621.4353539733065,1
4275.982642567138,16,307,3,1423.690764500404,1629.1173038524237,0
255.16584831420778,2,123,42,3935.9798217520656,638.8732639499523,0
1079.8063785060513,12,230,34,1993.2663029264672,2211.832665512094,0
315.26042768165576,13,177,32,2572.9191222561794,212.34954628266578,0
6364.4677022265405,23,62,45,1274.2522785977105,3423.1309713248315,1
3144.2454547821903,17,115,49,4938.421365782847,4513.527552226781,0
5086.198340955863,3,190,21,1464.5637472093772,4186.3150356925435,1
9075.757172787004,17,61,46,3856.005229218703,636.8473672394053,0
2493.6729992596006,4,255,44,2143.2032952802283,631.3556855386593,0
4104.418847433261,15,6,21,1039.024851369858,4067.1724116213204,0
7555.755834291944,0,154,44,4000.596632184657,4621.271373015579,1
2288.752856750733,20,91,11,1674.6978772549255,2303.349149167446,0
770.7221183781011,13,13,39,4327.314803515077,2494.8555845688297,0
2898.2247776847667,14,228,4,4577.1333527399365,1591.3102069286294,0
1613.0516512527902,8,85,1,4300.520938602467,4471.32559128207,1
9297.046825773388,14,132,28,184.6894948859602,3224.5145264617795,1
8081.395675264605,16,182,24,3938.992991575477,1441.2578858368424,0
6334.404161347724,23,61,35,2062.583937830728,1493.914355271258,0
8714.73444128699,3,218,13,4369.877371709304,4456.000365318012,1
8036.917096914245,11,245,47,3193.3917707968462,68.17011952910734,0
1866.5140188014723,4,229,34,4169.879239378352,1613.632863633192,0
8925.697425901288,4,78,11,2502.1645316355084,2771.7834060818454,1
5393.883076914592,10,148,36,2679.7772679486748,741.0873104966231,0
8074.594111485461,5,137,17,730.4942843469995,460.49377099794896,1
8961.016907935009,6,313,35,3922.0969198598837,4076.3816554528,1
3180.716746243667,23,64,18,2102.7541622181884,4472.0219432425365,1
1101.40919335224,13,12,40,2505.3997901751973,4118.032103990948,1
2280.123690256875,23,212,22,3927.637593337581,4493.939448686739,1
4271.650778473937,10,241,24,2998.2385463964006,2765.5598552918577,0
8180.329644459009,12,212,19,1013.4826499389105,4061.2906049517096,1
8607.445101980178,1,180,37,2955.2609691629546,1920.213191955502,1
70.51435318137584,6,337,39,2044.0879613184823,3331.3393073951925,1
5107.96227847308,19,172,21,2352.9324547988745,4944.1776569458225,1
4174.692620484641,3,159,8,151.27325926931226,1128.6386191956371,0
2221.8559968968316,7,163,28,1058.0464540862451,1949.498731455403,0
1199.5338079694943,19,187,5,1412.380026091331,2400.236886550428,0
3376.814098864876,21,190,17,3567.6704392154406,690.0774351002586,0
9429.154129421278,20,307,37,67.34744175759542,405.19305232528393,0
3232.7061172755316,18,255,36,2049.7985335333688,4148.614331608122,1
5188.387426811918,12,182,19,4620.894083424407,4883.971864137931,1
7030.486569992883,13,116,27,568.284276580128,2023.6253191482933,0
3636.9323941905604,9,281,34,2586.957697210869,438.2491809732664,1
9717.849045126886,10,195,11,3934.7466881303267,329.0588034528824,0
9624.51050212617,1,33,45,4713.2312245253825,4456.591031801493,1
2518.571175957816,8,51,47,3736.4154312732526,2319.0712486383995,1
4972.9878104179625,16,111,12,3605.622087735587,1600.1365828119597,0
3009.48221985788,2,251,21,4134.1755700768545,2382.3063561969975,0
2849.1201032802987,23,81,11,2236.544092677943,1591.5204734617366,0
369.83258659797343,5,231,39,4031.164217762987,2445.1788765380998,0
6096.033775464988,4,226,28,49.74237967980112,4297.781984589684,1
5027.287553265386,4,232,5,4623.559666330257,2961.5068553104784,0
515.7360337486435,21,220,17,2222.0994824907048,3473.268864050877,1
2787.185995901878,14,41,20,2771.3671374500805,1823.353381171683,0
9082.75059378057,22,20,41,1281.8624220852628,3692.529392552594,1
2396.379344779057,16,41,46,3715.2288558737027,3333.0854243968615,1
1449.8038260401397,8,112,12,392.41267431149157,597.8099887602823,1
4895.038150015353,2,104,6,4364.452654708708,2863.214265577923,0
9856.518890651896,19,191,17,4142.30297674165,1283.7174815487901,0
2421.3106598434924,16,16,19,1088.1399800613842,4020.478348167964,1
6721.68333851138,9,119,26,4048.5287474434595,2129.688542334697,0
7616.434533671847,2,128,48,3933.925087976793,4973.420825982435,1
2377.1378023800044,17,129,44,3164.7608227922055,462.5021896948189,0
7282.435269769984,17,59,44,1873.8656827294408,3901.7393137007925,0
3678.463544059813,16,47,32,1364.7787833675206,3368.5086677107824,1
6323.426000105202,23,28,6,1166.6001155438566,3837.494152953527,1
6335.663577898186,2,96,36,1599.8587241903997,1537.6489774522818,1
5358.21106606351,2,9,38,4518.756632728327,2460.272446912003,1
903.8074107740287,5,241,11,397.42747218401854,3982.542598618542,1
8353.18965339679,12,313,33,4146.067668502264,1162.706658104275,0
3208.4798696523867,23,231,24,1750.9614744586995,1130.1659839432605,0
1865.9985854881425,14,276,23,2612.780986096677,2755.2547664746617,1
408.7106404060844,8,283,15,3974.4833119059685,2617.817897649279,0
5909.33853893923,3,202,27,4423.038969644626,1411.3123520646643,1
6775.966054060982,13,246,11,1730.4592861625085,1490.3782526241139,0
166.86170144963367,4,289,17,2314.5989715628007,1389.2258160328274,0
5121.418489934511,1,263,14,2078.4351634357936,3857.5603099924383,1
2265.7312562041816,10,213,27,76.12265718451363,3259.504327812303,1
6452.082731304089,8,199,18,1486.7550154046965,4162.085917051264,1
1744.4899236209094,23,78,28,2301.3542763254836,4877.365141570109,1
6909.686443286557,2,342,47,2061.3571083133943,2370.821481359932,1
3867.9667276590735,8,343,47,3612.4268453032405,333.46940702724424,0
9367.363157378608,2,172,4,1930.170049933305,240.46155206017715,0
1376.0719205157866,1,68,7,2451.9884803636446,1478.3251963580956,0
3411.322444151535,11,86,45,2153.7468747404932,4662.722946762255,1
1135.62173888465,9,100,35,3705.7244829829087,2616.0652748543744,0
9247.01148916735,8,7,48,4316.232270944943,1358.9325804006457,0
8773.51619445643,14,332,9,2664.1265042474956,1995.8339725550977,0
2580.158335523841,7,199,8,3949.266649034004,2992.9755370233543,0
6600.180476295756,4,86,45,1490.9655432790544,3264.748290689211,1
8172.404779811957,10,42,17,2711.434354684771,769.5975489145252,0
5552.452915183024,1,108,17,1732.6974688131625,4885.15838272588,1
5296.976132981709,23,151,49,2076.862618603433,2723.861134913944,0
2419.281056713616,14,16,33,3664.7451854152164,678.4415889613965,0
931.9345752911862,5,132,32,4409.495786840236,4468.176266730668,1
8972.260363775315,7,147,8,616.2620015279495,373.192155397144,0
9004.280153576141,4,276,19,3176.8498898720286,4538.677165887563,1
6331.3814712754065,15,231,38,2914.8975998132146,4982.828281444912,0
3390.958880695958,17,313,3,600.8910454879001,3502.1589957825195,1
3492.746536551996,5,227,5,1067.3527088961443,3852.2361053699487,1
7259.830833023523,4,138,13,1561.9024487160746,1686.514182337432,0
8971.205489265818,15,210,47,842.9860433793324,4707.884263669669,1
8870.977156226907,12,27,46,1226.2101177964655,2648.569830541838,0
7798.975583030381,4,50,31,1345.3279863199205,3661.9422329877743,1
6420.674429896723,12,260,16,1685.0124268649074,4620.538579556397,1
842.3155099854932,16,260,32,3749.4583594777837,4875.899879877542,1
1617.125512232043,17,349,22,2863.8418972144977,4166.021782983372,1
8985.643331082265,7,351,29,4931.370893037493,1515.08753491015,0
6064.684167536239,12,7,22,2079.5317765676805,4832.737582760412,1
92.96131911467985,18,319,43,3771.7867184462557,3140.597656217859,1
1015.613957117455,2,137,3,4358.627422668904,4653.212381759799,1
6635.35418931145,23,37,10,3398.102680259829,3380.5251290717592,1
51.61077687834065,7,110,42,2065.205054683305,1536.1948092386024,0
1608.919706123569,1,219,21,3770.437207421307,1850.1226207140796,0
5487.7891598764945,7,336,16,1026.2990174856973,2752.3588855147023,0
6919.26008172924,12,222,12,1644.4853042488608,3950.07420779941,1
6519.960633766503,12,135,2,2737.959422945451,1589.9127567016747,0
2243.4688252961373,0,255,41,2881.2928425578802,2898.6558306709603,0
7122.0800342540115,5,359,24,120.48596260842099,1728.1249678820077,1
2373.253625880504,23,328,35,4726.119801892483,4078.847023175536,1
3254.671581894518,18,48,30,3486.170083374776,2333.640468839752,0
7465.167559775124,15,291,30,2483.5617136571364,383.6141342644261,0
6496.679357573099,7,323,47,4666.3048996974585,830.2626074076819,0
8492.384881531285,0,77,35,2201.086870601634,305.52333809816145,1
6576.471310111133,15,104,19,4902.373495649155,2496.514730071626,0
5683.517724751381,8,168,8,2566.3009386449908,531.6864867411358,0
937.6540035130967,12,216,26,580.2859922899175,570.6998465481605,1
3677.7903147912757,10,118,49,3826.3568525717933,4705.241300191885,1
2652.7584744495725,12,189,40,3397.699648138424,4363.275360880277,1
2440.6524441474567,20,254,7,3867.203739314878,2260.43298405683,0
9730.132536969704,9,265,30,4757.695723341149,4929.026604251029,1
3931.584148942937,3,148,7,3884.6816202285804,0.9326408533155695,1
8920.573505215956,5,163,3,3060.569645061068,3069.897281366969,1
6311.755121346631,6,139,1,4287.971422780596,3082.1408868593503,1
7948.3182241129425,4,346,36,3369.4997323791126,2287.215279349441,1
5026.868293958816,10,257,25,2046.5140935613563,1984.7398646714641,0
5769.4619423789645,12,268,37,4429.242623566449,2276.915677403038,0
4925.68442049482,18,180,1,1117.2832993140205,2074.8021803984025,0
1953.234634992647,22,159,15,3576.0599617945336,3652.462387411497,1
7224.798700499792,9,350,37,4409.001640154377,676.7771748664203,0
2808.442852046117,9,287,13,3659.269433319448,988.1961029556508,0
244.13534834810693,10,287,40,3489.4043410787463,902.591141962118,0
6455.077486775771,20,225,8,3765.6650874184616,1312.3529256063227,0
1771.9296833910823,6,10,5,2330.6256890202153,2626.2920939079163,0
9404.64538494479,17,9,9,4372.111703963559,556.0437366910936,1
9539.331841448871,3,270,1,1025.148010929095,4340.8464766325205,0
9148.729037814264,1,272,36,645.658215841693,1486.8076565423617,1
3702.2168438541885,13,182,35,1434.6888127913726,812.6899373435392,0
155.55070867214542,12,152,2,2662.5712099072157,3378.1065479912163,0
9283.257307314667,11,314,40,2557.703359092597,190.43150299659638,0
4282.413299024826,6,333,23,4104.787800806167,3099.842824370821,1
9666.581535617652,1,123,9,2028.7975954560468,3490.992153382499,0
9636.23615091544,12,113,34,2426.878687194628,1074.582656933596,0
8530.241545218134,13,277,46,76.70473946438422,209.82036721817144,0
2945.194471803787,16,212,14,2054.5987898502663,1818.226794597248,0
3851.5921882906505,8,171,4,3242.393422422207,492.9711512096824,0
8511.515578497052,16,287,30,87.38656982669498,582.3892483666854,0
3169.9031295576206,7,173,31,1411.6010062793564,1271.3061572243228,0
1695.7579741142388,1,112,38,1047.7022328540559,1477.3396231337965,0
5568.455823321043,23,121,11,219.50729025884527,2649.851705107103,0
9361.61158683365,12,31,35,2401.507848673542,3391.9594275150657,1
6960.601936953055,2,221,8,916.7992332085009,2963.854704350924,1
5701.04163972356,15,118,3,3717.9768827605867,741.8016864475841,1
972.6677612139146,5,38,14,4241.160139979109,860.4301622631322,1
6150.4572597649985,18,267,13,2732.4700615190477,4393.846248964573,1
9900.548447192528,6,232,45,4908.719639180496,2791.761575320568,0
1401.7000683500037,9,17,32,2257.8880716382705,4349.689164488445,1
5183.778193985004,8,148,34,2571.7073690223283,1857.732556599372,0
8773.853346207627,1,148,45,4946.196592249174,3072.0000371566193,1
7407.94540892429,14,125,19,1165.4266954655936,2618.3170802730538,0
6970.460394211685,4,301,38,4713.304238987757,1595.6174491023128,1
7025.138355787106,21,359,16,223.7594000443751,2349.5768601679765,0
3595.552021046332,3,237,2,2237.470582413342,2512.4543841346604,0
2936.6248508006693,19,134,40,359.3175255439982,1003.854873783393,0
8093.802193629657,3,150,17,3648.8813671390785,1575.051861883658,1
8101.3238333971285,17,235,34,3045.9605900412885,3957.048752534878,1
8670.856113482458,3,223,42,3536.104974703306,4578.941197270636,1
9132.492285012157,16,202,16,1878.6571958404047,1798.9704677264972,0
5113.912646210517,11,255,38,1853.7148508165876,1534.8614110450908,0
5015.661430577309,21,85,2,236.14320201486407,975.9858228594126,0
7983.153494488784,16,149,2,1756.2252482529025,3392.455843252906,1
6499.989343846873,9,234,26,4647.1491272876765,1615.4985083316865,1
7019.966805699776,21,344,13,1902.3404205304403,4938.747695495943,1
7958.130901691575,0,21,47,4158.5248540476305,1628.4240103197662,0
8900.163412833845,21,347,31,4213.204268702171,1970.6802339131407,0
3380.6135733585065,23,284,34,1872.4733703323768,3016.6709810601737,1
3756.4539434468,17,268,39,3163.6235151769833,4008.421465956525,1
940.7254164688492,17,257,3,485.9042953425626,2347.5933267281684,0
5783.223129820743,13,28,8,527.3561178640397,2113.2801689447915,0
360.3867956936241,14,212,23,252.80174167194943,4978.189167974041,1
4656.514583306469,11,282,14,2909.2653159417964,52.46820569972221,0
5426.903702441059,3,49,27,2136.0941783542244,4475.3264442562295,1
2866.1259800307157,2,94,29,2744.681459754558,745.7041296986872,0
5908.741772429538,19,87,39,2610.1552206368556,3929.626381044567,1
305.9719991405552,11,43,39,1757.5129255427441,3089.65779923149,1
374.44453930339495,6,277,1,3390.5923399691296,1709.2364274904603,0
8226.183006035923,10,170,17,3794.9243857727897,4369.374777605091,1
3602.5462234712177,0,188,41,82.99501179960181,64.53613990495988,0
1271.4780660061958,5,352,30,1044.1390758467028,1133.4532603746184,1
5222.9103572879885,14,183,13,3569.0469817358507,2834.4639812476803,1
7700.165537433009,14,2,21,1939.2346614428327,1757.71130024849,0
2158.994453940935,18,190,19,3315.7948952386246,3051.887476591638,1
6229.281867714183,10,117,19,1741.3436720754464,120.55096704333413,0
854.3893024726862,22,18,25,1959.8682101248892,582.2946524085626,0
517.7655299649084,1,22,22,801.8075797115278,635.4812010921962,0
5314.014961049912,13,29,31,1298.5727881341386,946.4182295800472,0
5406.810580979455,1,294,17,3031.00466996286,2296.657204002714,1
6374.661585080567,3,107,23,2171.4839254626804,3760.643497717856,1
7261.187245892893,16,280,32,3873.77038789353,4527.694189644506,1
9758.544942545883,2,127,10,4264.39892514233,4176.86265142123,1
5163.487182663652,12,228,10,2712.8156269016317,984.4393588784178,0
3230.2417729395183,8,110,36,3793.7537873597353,2205.752761153162,0
7952.066761492268,6,135,8,1541.4535208409043,997.057988792675,0
2709.05168036948,14,361,20,2080.70636484639,1322.3590833359538,0
4390.275235635655,22,185,32,3566.7606043219866,2517.7349075594307,0
785.4853570413173,10,143,14,1937.1978441569831,340.5451236176127,1
254.48208341115964,19,71,28,2946.6396264433542,1090.871647966366,0
9626.521498364573,1,128,46,935.0101676217323,4676.890806535586,1
8359.965225001546,14,363,24,3002.858861702785,2330.581463292445,0
6960.046086730886,13,260,15,4308.9533990621985,2226.932629889361,0
4090.1204911982845,19,2,22,4344.511802718894,72.8357737563945,0
1733.769906388387,21,103,30,3624.478587584403,1236.998735291729,0
1565.2139896681895,10,223,4,3731.309361589869,4331.462179910906,1
2503.178738747789,2,319,13,2794.0579513019966,823.1421412933437,0
5492.717420396499,16,361,23,2927.4937699274656,2075.624697673605,1
7146.244631077923,11,353,8,676.9164012384848,71.65452933500627,1
6602.313569800595,23,9,18,2224.8573502222926,2391.6774083527794,0
2800.0590355624827,20,301,12,2259.3736565929553,105.10553363108576,1
9548.697941351278,14,230,31,4792.904199982024,4098.047765328999,1
7379.231270040989,15,218,14,2161.1234444902143,4124.2688374355175,0
5543.986171061495,4,65,34,2751.2197980647607,3938.7109415118493,1
6117.595741597288,19,111,18,2670.9244824027214,1416.820344455591,0
4196.581024215471,5,12,34,3187.4409680511926,4186.186091109091,1
2478.0621640220734,18,85,11,3743.6818283461603,2714.9906630263463,1
3560.370813833965,4,233,41,1132.958962092652,1869.040544335012,0
7578.703258533227,2,89,12,2648.3348513011942,3126.649798521165,1
144.92049280892894,0,313,49,4131.329359506992,61.70523030187003,0
1161.6103324286555,5,53,15,2320.9424220491824,714.8043880037608,0
460.9804175755057,14,11,31,1399.5031564041294,3711.467690851314,0
408.2472943873824,1,208,49,3276.9982860279324,1220.808043580765,0
8554.750379526062,2,13,29,4120.599305037624,2990.0455866437483,0
7036.874935940857,16,120,26,325.07006170768267,1925.5130141151483,0
4742.264117044165,23,19,18,3886.184512202063,4274.0288939963075,0
979.2437723493638,11,74,32,4110.023185479238,4762.076529983218,1
4916.667135293207,17,242,22,2312.999408667148,4417.823641850952,1
4735.244236034876,14,222,38,4916.695227524152,1353.0999734679833,0
1732.8454972302418,11,69,17,3935.6746201294723,970.8143452304113,0
4339.082640730492,15,311,23,3870.576198829372,2372.174468103675,0
3985.648839239337,7,210,24,3741.7144863162384,36.670754180901376,0
6158.8851304241125,13,100,8,761.5344350591873,129.04696431590867,0
6351.30141502557,16,185,41,1093.982123400524,2766.4531981150003,0
453.99479371067315,20,131,6,2325.310756007481,2602.24702082643,0
3746.7515336500855,7,110,5,1327.3817062977346,4972.9099451762995,1
6258.973297226649,14,131,44,2082.0524519468618,1009.2091768187905,0
5031.859449542297,13,19,29,4443.435908515375,1290.5196458023422,0
8565.041922042034,17,23,28,4123.391190477553,567.7032116314334,0
6587.277622557831,19,226,11,3153.898993615111,4587.715048268724,0
1630.1813363872154,6,153,1,4292.020767313006,3889.0562222922536,1
706.616905256898,2,292,43,3921.0242211960735,4111.695557284237,1
6424.55036278495,11,229,19,2150.6348098860435,4513.818939822544,1
266.0865941056765,20,309,9,1013.3151087292262,2624.499933629191,0
5858.17003715336,23,358,27,2575.8631896466027,2255.9659572536184,0
9402.36218400815,2,201,34,3683.782123817465,1651.9573683280826,1
5755.166304580914,19,37,44,2187.733797660669,2946.0730717392776,0
3882.3110921390125,13,259,4,3337.191829821647,2271.3919839491127,0
6433.238896205089,14,187,36,480.6938571923077,2257.8279330278756,0
4583.070652024675,13,56,18,3742.543634493303,4684.639318655694,1
5456.622276370033,6,19,15,4065.4409632663796,4920.157571395651,1
9414.706622956475,16,272,13,3537.1209003449003,3982.421946647904,1
3861.6402753699417,11,118,19,4836.645301756564,3783.7904512346418,1
9611.944447675318,19,70,49,4134.993766728596,3402.7908088955073,1
9053.60106891868,3,3,6,4516.437702103926,830.3742616675686,0
1958.7155567581751,8,220,48,4668.519706453664,295.5291043782726,0
694.5436474507794,5,13,12,4008.726479450305,3453.6315755663154,1
1008.6792357728891,15,2,37,3374.5516216124306,3643.93111128288,1
183.20003468984572,21,215,17,38.53572099033855,234.86495549069897,0
945.3351645985281,21,228,23,2334.470508583392,4640.258751144241,1
6830.384727390152,20,335,26,2860.099870125581,455.7031972233877,0
712.8152959538296,20,185,29,1527.111059515518,1429.502668856012,0
3190.4373273073193,1,54,33,1597.3411900483256,3361.9490639935225,1
8448.908234383576,23,253,27,4806.185484393724,849.3629720223817,0
233.69608542252283,7,23,25,4459.637217361702,277.07944221122216,0
8144.870357406769,10,161,10,4247.403237453504,1655.732445820749,0
2819.2658929592258,12,157,47,2035.998890513492,3829.8578742758955,1
1182.530111388941,16,81,23,78.35576654048359,2068.393394926302,0
6967.674916476142,7,158,21,410.3090098140132,3264.8646095396966,1
6289.79952495206,20,187,21,1567.8598774058423,2898.095486140683,1
8774.842663257003,17,59,43,88.55713584842815,111.09241012790206,0
7350.975366995054,17,304,13,95.57741175683859,4942.699935228533,1
8035.005822918101,13,318,37,4583.850475195631,207.14044409693878,1
2821.0636911404936,14,210,33,3533.7309255740797,4839.013688242425,1
1775.2179982534485,5,151,24,1551.6903904400817,2749.3208918219907,0
7506.396901656943,10,108,44,671.8964422287563,4815.795135325333,1
8068.540557933373,12,75,11,2563.062232296435,573.7679970691772,0
9905.060914864733,0,29,17,36.67734266327864,2452.042595927566,1
4126.764151437354,5,313,4,4692.684581852139,847.5204593302932,0
3720.808839842039,8,116,47,2079.927445750847,254.87438511221205,0
7764.353194459226,7,355,25,2017.6514266342904,3087.645575311558,0
3408.6945989899255,10,191,30,1959.062101833093,1038.9171048084572,0
9307.642498710044,21,18,9,355.9483686349461,2938.48509143773,0
8584.269105678275,18,172,21,3195.2279765612147,561.8224097449281,0
4290.5112797228085,23,227,20,3667.6880619454832,1659.9323571635139,1
7508.959806847182,8,349,19,3383.8657339655683,3908.162790266236,1
7545.6741979727385,16,182,19,700.7931117136776,2185.2576092109384,0
1032.1355644904902,11,112,12,2898.412438497607,3138.727074486682,1
9025.626513888987,13,182,37,2851.7275760195466,3237.28970372773,1
5053.018472106123,14,145,42,4343.3698318274965,4218.775219936468,1
8264.748203611309,15,318,17,1901.8470152944785,1624.6139720332064,0
3201.1759607050867,21,115,37,1863.7148588605767,3436.477812912588,1
8955.336761733508,21,112,48,3096.450023003746,4808.079035230829,1
3892.6275856628968,19,250,39,3169.03254096257,3651.21667178934,1
109.3656771515033,0,250,28,2351.7332843556937,2449.3523835887227,0
9053.914382216217,9,302,41,2220.866218028801,3153.587222459646,1
913.7754811845494,7,312,35,2475.7968764830343,3698.4144888155406,0
3193.8170622665584,17,117,47,4306.616044521526,3061.3788284693624,1
9500.669608540999,0,300,48,2311.222837257011,83.37906744919576,1
9506.120862228623,1,160,18,4700.259641929414,973.8674884361293,1
5734.805443344738,0,197,14,2524.978780345667,4052.34108607733,1
6318.7402844858225,0,259,35,4746.511458972648,1363.2532365624234,0
4485.006774261219,8,147,44,4165.831190326688,3657.8105978056697,1
2932.8145062089475,12,239,41,1818.5322998529873,1860.6010762084934,0
3287.3167891537896,0,46,7,4319.570692270114,2609.4216407897156,0
6725.512042314307,12,197,41,559.215788163565,339.8664990970185,0
7523.992919847363,19,46,13,4625.985404961642,906.1278052485477,1
7915.99885821476,21,77,18,3161.9011402636293,4785.984817596172,1
7896.391809802744,6,123,37,281.4098351263328,4450.69026723457,1
912.969824383855,1,74,13,3224.8410510175495,3261.375554495251,1
4944.7086267211125,5,358,36,4871.495794182333,2298.222986928687,0
576.5300414064262,6,136,31,358.3052665269983,3378.806464476119,1
5495.739294355031,13,89,2,2777.8916718026308,3093.051445469695,1
4415.863483232397,17,324,16,3741.4938052992684,2842.7612780230606,0
8877.15412340024,14,60,9,4053.190347630661,295.8853593177091,0
3509.799210508235,1,137,9,2074.9990519507714,3164.0130533075344,1
1171.553097259631,9,49,38,1028.7911302495327,3844.600222855842,1
1430.7738288463058,22,258,11,221.28797107419533,4970.4082732278775,1
7615.344806543005,11,106,22,2902.8335239151515,55.39276297154838,1
6182.562415099294,16,112,33,2270.0262406353777,3650.867266553383,1
1012.1256385517796,7,349,36,4744.234531797058,2858.9465796799022,1
841.9839543438593,10,253,45,312.41848949739983,2170.2608804047836,0
7009.990345459741,2,117,23,3430.1227637955685,637.8508728568544,1
728.5573006355711,5,197,45,134.58144837908526,2045.425743174381,0
8218.778732844272,8,336,45,865.4565417856082,1771.8859149306766,0
7062.716029337806,5,364,34,2273.3592096149423,1514.149444893711,1
814.4064576383557,8,50,9,2279.8134895863122,3654.3981166110384,1
849.292303137834,6,244,24,3431.6457092388832,3503.627606421319,1
9866.409145433254,8,34,8,4551.963043990106,2945.100454904558,0
3743.333686765447,17,301,7,3198.770472985455,4693.324066466861,1
3707.050828521842,11,68,36,4768.140138279029,1749.2719209042723,0
8128.182873007769,7,348,18,4409.262042991209,1219.0096885508979,0
9472.538525261203,7,319,3,2926.653979698643,3279.516565491998,1
9860.024637164886,17,48,28,4170.6218350849485,994.0703046870148,0
7534.028474404157,19,73,6,3216.462275514934,1575.0525359171231,0
3763.2195957236268,14,191,44,402.00357630939845,1123.012200374424,0
835.923666269989,6,260,44,3705.417969064955,345.76783859250617,0
7771.6920123584405,10,355,21,483.5931219240576,4137.493708178367,0
5584.4840931083145,19,69,28,2974.473075042865,1272.7027146083058,0
4242.795870460516,15,89,40,3516.1746272325618,2365.1375167151036,0
9063.637496562265,3,259,1,341.9727649721676,216.57636627155975,0
1112.8636255792073,5,125,36,1161.6653230933935,3496.6973312632153,1
4926.758417804301,21,230,21,4579.204438985633,1652.805011531454,0
114.52509402942327,2,294,43,3085.4093162421527,3723.6836391460497,1
4687.1377592992685,8,128,35,1238.9672338645526,2062.0153023393304,0
563.9764535426916,9,279,13,3456.492058028553,978.7780320281231,1
1189.0603447644512,13,312,49,2987.914335608831,2565.8754114101794,0
1176.1449415242716,10,99,10,2512.8627425905624,652.522798187199,0
6492.453810858519,17,325,44,4881.173005190538,2202.695799364974,0
7460.702747774967,21,296,47,3420.4343492634694,1586.5273871024326,0
5834.104282206499,11,181,10,1883.4511372428842,4559.797920998166,1
9621.763312196945,22,173,46,4002.3664260635715,304.6436086035997,0
3749.330924657517,11,315,13,4424.070631676727,3470.0870705287102,1
2857.8351507323255,12,363,37,634.8505919889888,913.7558299371796,1
8686.122682766414,12,187,38,1010.7593594478798,1595.2253716611992,0
2236.734789356007,18,56,24,1088.9727755476208,2077.57031531033,0
9632.262171866672,18,30,2,3459.1469288388366,4540.075446874871,1
122.5325924234736,22,83,22,3019.1673797158837,1212.8913303691259,0
9698.818388249683,13,151,17,3098.767907845955,456.5440127233511,0
432.55595959381054,3,35,36,4704.4587654506095,1593.4480199526179,1
8911.539993867013,12,212,14,3881.7985487084566,523.3798526776667,0
5277.483389753912,7,363,10,648.4052533137981,642.9824298027626,0
9929.654996396885,22,105,35,1744.0603413016534,2869.2529898751336,0
738.8918507892532,20,341,25,2182.6142944169205,304.5096654974666,0
5538.988989728807,22,219,3,1985.8483278505485,154.65440696783017,0
9693.056053655371,18,162,47,3349.849959717777,3572.0705073524887,1
5231.455343857318,11,219,38,4460.5465852502475,1808.2354742052225,0
6294.35698271449,17,269,17,1537.1968029787122,626.8767461693664,0
6957.791141157187,5,119,12,2763.8669107417163,1268.0638542985412,1
4545.9561066129645,17,335,24,3949.1530153487925,3210.432536761995,1
6275.95324276055,18,181,29,2086.9281136382933,1377.682835704256,0
5843.558804919079,21,105,43,848.9094607124863,2472.6056256020397,1
9011.6789468994,4,216,25,2380.0053166661037,608.4765336333614,1
455.41835703423726,23,204,36,285.5603785077121,2940.4681880272346,0
2810.350932732711,8,69,26,4712.493435471361,1580.3884192163202,0
9504.16442928151,2,43,38,383.35781392291545,3134.8421726435827,1
8902.747575125271,9,328,1,2197.8990091003852,4041.9744115201147,1
4557.111871104344,18,300,20,2654.1074928317457,3058.232096949962,1
6201.705845417566,2,227,28,4926.666123113554,1478.7378129751032,0
2774.5344486283457,21,183,16,838.4488999778753,1278.718507741502,0
1882.0234760778894,14,106,47,581.0132778756692,1637.10479366724,0
4637.5203509948815,0,83,17,53.44367384209246,823.1025661825242,0
3534.168928032502,6,337,40,786.3014699778184,905.8592542501004,0
5836.97746239687,11,249,28,1044.2921655476614,3953.4555095008395,1
778.2686350128834,16,362,12,3156.5988984996306,1923.6628825372247,0
9743.973681853999,20,20,27,1106.336884053088,2179.9759028529293,0
9862.121234051549,23,195,42,112.3988654993328,2970.247327834056,0
6981.918978483432,19,177,47,4134.8255440574185,2948.2674757577383,0
5361.427567074859,4,6,30,1834.3225480097942,336.88435760962864,1
3095.9666352469912,3,69,41,1774.9464660378624,4157.703931688328,1
8138.1364020497795,11,126,34,1519.3703555479535,886.6327661196971,0
6847.626994366239,19,159,37,4877.11265296064,3615.358180248344,1
1627.006776509568,23,247,6,858.8759323733146,3863.354940640833,1
9109.360917753931,17,202,7,4492.207939126643,3574.4976704565684,1
8225.549891988767,16,147,32,3886.248627378041,2894.888232770726,0
9498.049333005949,18,142,32,391.6349779415723,73.0449855444143,0
7257.469364375212,8,198,25,4933.778216489235,1801.8774618158534,0
6134.538544161963,3,153,33,1364.1161580596627,3024.197146812906,1
4183.012119869898,20,141,7,501.9288058418376,1937.2564796126935,0
9327.352105056778,1,312,12,4148.278028287539,4317.399474564066,1
8660.772831114584,3,164,16,3536.3109130517223,1544.0113767480768,1
453.14148239178786,1,313,16,3089.921841330725,1467.673962293302,0
264.6433779980228,14,20,43,788.3445098576765,1329.98846546329,0
3765.257205413618,1,81,36,2397.6956201172497,1663.9043448039774,0
8105.722754487547,3,68,13,3904.974574167197,2787.0248215709357,1
9872.77401702013,5,130,7,1525.0834513377629,3535.076471362954,1
1505.0184941441782,6,86,36,1565.332244290057,3312.8395886939256,1
5941.713022806,9,217,47,25.67312118012936,4038.589099907398,1
3809.527675453584,18,304,9,879.474574210444,4429.569977487125,1
9699.174063748218,18,344,32,4378.2740693579535,4080.3952117167564,1
8421.34711243395,21,340,11,2214.3149932721585,94.72701687177288,0
8383.448718406667,11,160,8,4921.330151179825,3679.5897677599437,1
4687.462904789908,2,177,33,1984.582738233225,1041.9978680916581,0
4148.780203874314,12,116,23,3578.7804093534037,664.6402135399132,0
2734.797312235132,17,195,25,1416.7760240945984,3192.443923995678,1
564.6985910126202,7,326,8,1825.410109293258,1598.7159770384746,0
8647.359040174277,20,85,45,961.7226780785643,285.5858168522163,0
8129.197190291646,14,288,22,1741.841218811981,688.1486719918067,0
9997.17701518802,0,80,4,2740.715226899009,4.647084349805319,1
9966.37173390198,2,151,40,4958.946676086454,4516.118136723537,1
5554.761624320672,7,60,3,3324.3665482282104,123.08991920619295,0
7690.1051643899245,3,60,29,1004.2373124974871,1047.2788475475552,1
9447.712533094398,15,353,41,234.35759354184015,2081.3139034395367,1
8496.624259383438,22,27,29,640.5188417594079,1782.8566297540954,1
2474.233669330233,9,42,34,2817.1504543525066,4558.629384563878,1
4505.990808965626,11,168,34,3828.150040795664,201.44472867271057,0
1292.4649920997983,13,85,28,4702.691844430727,2561.073538385258,0
9540.556221559966,13,176,13,88.95762826413588,3402.39731262187,1
6062.140169874349,1,16,15,2618.57310639373,4658.489868405844,1
2287.199412229124,22,97,23,2359.628107553652,3101.856260618605,1
6717.335143374162,4,197,44,3283.714559658763,4018.776180058813,1
6181.664276338501,4,97,26,2802.2984837820563,418.624689226742,1
3582.269017610372,5,64,4,3438.325361406578,1929.6975546846368,0
1136.4623644040905,12,329,26,3293.83209789846,1869.7356723953374,1
6716.060382732403,8,340,40,593.8885070411516,4431.4410822785885,0
5203.556701337029,21,4,9,4000.5923889574105,756.8558563163747,0
7723.411598964658,14,1,5,624.930552824461,759.4308616831513,0
5202.114847618822,13,21,32,3495.6678197935944,1642.7907494289923,0
8521.962821685083,23,111,20,2086.5653845266274,272.3302368341879,0
5519.516480906081,6,56,11,2574.1151655372237,912.2902032624503,0
5609.818777382327,19,65,15,4517.4570917347955,4826.0481927286755,1
8766.659372980792,1,329,32,4450.519795102698,2140.919699335864,1
4035.425179257758,6,97,28,4091.1029652185975,3160.096042112182,1
1341.0182692779567,5,143,22,2555.640418477053,3630.556296723185,1
288.7979804570764,16,124,41,3683.836652567827,1834.8070350360024,0
7551.617419480516,1,166,17,2569.3563070388586,736.1353720525848,1
6203.475203983293,2,85,26,4349.33435154914,1032.9050811089041,1
7041.093601224136,4,75,44,2019.8514078321705,1566.3323829030517,1
2130.4286509275985,4,343,7,4851.474368630235,3180.342101761128,1
1364.5783843921108,0,293,42,4662.290563562099,1991.402745445272,0
146.4321120131514,7,58,26,3710.5970710644096,34.0734895006406,0
3506.525000507163,11,137,25,1404.2852620385993,2617.0359253373595,0
5899.586950859476,23,98,10,666.9514080783593,4607.566959537089,0
3923.0482069522236,3,191,45,4274.970215965055,4060.388055043395,1
4375.311745315267,12,242,19,834.8584078284267,4126.056856298155,1
9041.682786242991,22,318,11,4272.761337096706,3975.2900880306556,1
3483.2064147659803,14,48,13,2458.9173834946787,1618.6541280521183,1
5140.380902108948,10,31,8,2038.71835120244,3825.96916877196,1
7836.746474398689,9,276,40,4516.921986383802,715.8067890559649,0
3966.0312804303803,2,19,4,3023.2164028759867,3288.5807363797676,1
6221.244915578507,21,153,47,2887.3038955772918,3207.842833424972,1
8623.774723758705,13,67,31,2798.2420636757442,127.84899544867334,0
9495.256715952764,15,213,28,1862.1358849374617,3939.850667954658,1
1471.5877358094504,9,142,11,3930.359086610345,4516.240525475652,1
9265.949663989782,9,231,43,1271.4642356387074,1337.0763923605384,0
4921.670814502302,11,212,1,4695.085850605962,4061.9536209307544,1
2583.1856386012846,8,78,49,4470.986173184334,412.029859309741,0
4591.898426626375,0,213,47,1694.0268251177417,2999.8392913053303,0
9800.345720279485,4,115,38,3650.024211460002,2428.2343266713856,1
4926.688321834703,19,91,24,2870.3837403034613,2729.6176665450002,0
3288.1873512647944,7,269,47,1694.8700169761808,4631.026009421726,1
6334.375142312941,10,167,31,4942.723023497279,4356.5762362342675,1
2402.2160421631525,11,57,41,135.9343557828384,3925.418286198785,1
759.5574177585305,0,283,46,1270.7036928002203,1368.4922883918548,0
1289.6683393845817,21,25,26,2605.1695649446406,4559.093143430458,0
1281.3303437387667,19,65,49,2614.545487358034,487.53846231937626,0
1519.8750324294313,10,247,5,2948.776043978365,4266.646082793939,1
1389.132899321452,4,253,20,3760.864098394367,1640.8003617680388,0
6409.106573287343,14,43,41,3121.154374291289,268.86155830991686,0
1819.6189639070492,4,96,11,3005.4044880349047,3346.7849212037413,1
3457.3271659553084,11,41,33,277.037169936086,1156.3996415797772,0
8967.987310650213,4,226,38,1888.8861360685985,1217.8556293231595,1
4740.14244098846,16,261,27,1167.9581411087684,1530.2358311438575,0
6675.909827471751,16,166,34,1334.1968568938573,318.42383751258365,0
1724.0263921450967,23,278,15,2776.1439969583207,885.6357209912702,0
1923.697899067899,11,88,32,1005.5315214987461,25.69813792780151,0
409.64529404852215,23,177,21,1476.8060140743187,2227.047605528934,0
1690.1816956585733,14,196,46,1193.052695501527,421.2768870898565,0
2786.624799980554,14,306,5,4743.029686658791,3413.263025220995,1
1770.9278322831915,5,266,6,4723.882003533765,1178.114255958242,0
887.9366350367991,11,267,38,3053.608377394298,4717.870720175886,1
1207.2380751349076,19,73,22,4623.367118972181,4356.258136993263,1
4608.326901559225,17,7,18,3931.205100887182,1447.2044748410412,0
2064.1308503395194,13,296,14,2953.839935181026,3916.077273283394,1
3643.3343406197064,1,163,10,42.1117053690106,4016.2245233240315,1
5034.669291277714,8,84,46,3864.856267536226,4932.815570572052,1
6904.257891465024,4,71,13,3515.4168245264595,2989.199934228425,1
394.0820862711483,19,54,31,3080.115729879246,409.82867321831094,0
7994.304578691517,0,46,30,3804.517315295534,3234.186144631905,1
6279.375994519587,22,237,3,2569.4816022260807,3124.898741880176,1
818.5085604567702,2,103,30,3523.375523893482,3191.752887102159,1
8735.912662443665,5,209,6,4676.508712765201,1535.7282405210576,0
9208.8031329176,4,41,29,1885.2670290719705,4298.397925401665,1
611.7185205887827,20,315,8,3543.5279561541206,4797.360914777059,1
2769.49960382389,4,267,44,2383.682211874684,1088.5625648907576,0
8062.20659665082,0,262,45,3375.254262551768,440.7607906832223,1
7482.8486441462,16,335,43,3816.837744416277,972.6751658424204,0
1846.025672544417,18,364,44,236.80797717462184,4102.760696278594,1
2094.283884043766,13,258,33,3236.5362153038227,3383.2231740992374,1
3705.3505558110282,11,282,17,1141.4385101906535,3180.236711695633,1
4845.7453289250225,9,113,48,3353.462363659758,2008.9656755471224,1
6182.929460531429,19,362,11,2346.9676278097295,2889.1398575571784,0
3689.767482058154,20,39,13,3870.0281819057873,1539.370626371837,0
4625.884626615346,17,219,11,625.7700678759262,2386.0003970898065,0
7474.961910399432,23,128,31,3135.3485347644137,3965.3151418532793,1
367.7953457030884,10,7,28,1399.568937348486,4906.207987277311,1
2525.1170064958637,1,100,44,4266.380156699652,4662.44461794901,1
7133.7825092596395,17,175,6,4642.633693125174,4669.329714231244,0
8952.173170034306,6,106,41,4982.027485458487,2011.118674235562,0
5117.262743714546,23,100,16,3982.0769381121436,2343.9494025339545,0
5321.602739167891,14,259,4,3771.133011435743,3528.176981844908,1
1072.6129413864207,10,245,35,1085.3487867490796,4610.959640256421,1
4474.676255867723,17,274,48,1686.6752243606427,709.9712967604232,0
5326.640047283777,22,31,26,2333.7558833937746,1521.2093191359788,0
2425.462565843662,11,136,12,3869.171428433426,696.2342229705476,1
2693.1630662628604,5,11,11,4575.679666739064,3060.0426497972767,1
3773.464346883122,19,301,37,953.8041091146932,1531.5049844376877,1
201.69190657948596,22,15,25,4612.613748503813,1630.5392625628674,0
3221.4695766662,12,128,18,3481.1670152467495,354.5797974398962,0
2115.26862195845,19,62,19,3057.7459461183425,1748.9803090379596,0
3275.646024426969,15,108,23,1007.2079436968781,4312.482537007927,1
1198.501556060693,17,20,38,287.0699137176613,1165.3640594541748,0
8905.38228011821,9,157,18,2846.6398435546203,3475.9373310503283,1
5936.330943086932,22,268,26,3261.0632598111733,3148.141724692963,0
6791.344089125751,7,161,6,1061.7994322798943,4317.423041845576,1
7891.9232148347755,17,259,4,2786.7164670690277,661.4397382551912,1
4984.923547091644,20,101,44,4283.902079785242,4887.949801725216,1
870.1159605861495,0,222,29,4176.97906782055,2913.143230201828,0
5371.528311643659,22,58,34,4637.502351125623,4977.3707617340715,1
5868.82433909077,7,246,17,1835.7701896888334,4557.573629329254,1
7454.6493023691155,5,127,43,1597.0673670290844,1107.586360565529,1
4317.163802750564,4,282,43,3749.6357698442353,280.8100495165655,0
1276.675447652842,14,324,16,2161.250901434055,1278.1954689768077,0
2838.475282081446,21,24,2,446.86783349862526,2637.8182449970996,0
3631.4598816899525,14,130,34,1421.1776420457936,857.98183532595,0
6459.526496074681,1,352,8,2098.725604802131,837.2987225899425,0
5708.21226838445,0,195,13,1469.6569631264974,2312.9677355257654,1
3561.6111622525646,22,280,42,1667.7057990271348,166.33985584679212,0
9865.165972681005,22,153,8,1475.94177181021,609.4404126613523,0
6058.142418749515,10,132,30,217.08084424356642,2079.3066970397376,0
2373.0306905682087,9,226,32,3189.102557113968,315.64954603983233,1
1018.722943731417,17,188,36,2990.4891775638116,1983.7752822776467,0
1529.438532704136,17,264,47,3270.3836574086163,2370.0313297422254,0
2460.331326116697,16,133,30,969.626381207801,2256.333070365572,1
1607.653051222297,7,210,1,1485.3161626463016,4345.8742870154365,1
1866.4836734890064,14,59,43,3101.883475455162,2650.3122752586623,0
2851.6665917697774,7,363,39,3002.141566615008,2339.902312390217,0
1734.5625793522536,16,363,17,2536.5882436777965,2053.546226958331,0
8967.757480839626,11,212,20,1758.562117550885,4088.1168915224307,1
803.2572228707604,7,215,24,4565.525713825703,4475.283019999166,1
5245.589384312976,13,225,22,1705.4535090712304,4266.2123459855875,1
4104.557873069625,3,130,29,2283.5395906218855,3367.732890656954,1
9823.803790469156,0,75,22,3393.7880164615017,686.8087298433711,1
1121.2769827783554,0,285,44,2719.676940025153,1384.3498474600613,0
3979.1581348583704,18,276,9,1740.961022058284,230.31531840988717,0
9694.734862320413,15,155,37,2183.867504377984,4654.12037495057,1
8655.205751813908,13,247,10,3974.4592810889953,3303.9926484545517,1
8170.903637421849,20,217,36,1397.864485878196,3731.8144215662073,1
2579.770367622353,15,189,37,719.853646486309,1557.8586979111446,1
1709.7049863132681,4,162,28,1572.6843771305876,4228.267611386712,1
6686.763556024385,8,179,28,4249.175735284628,1298.0164185423926,0
9293.83051528673,1,33,42,454.0586771331698,8.21878556224842,1
5568.072167246284,17,40,43,4958.563406128535,1882.0748126034698,0
5716.555282009529,5,306,21,2709.604465649036,2853.807404795367,1
2800.5109575091815,8,337,24,4924.380262395799,2393.524289827613,0
7695.159838986177,0,313,42,4695.592146209028,4310.380712882985,1
1871.2504418266763,8,74,40,2269.540433912475,527.0264297808347,0
3237.4686848060323,15,278,2,1000.470462280692,2769.117203168628,0
4254.9389497255515,12,175,8,832.7750350600409,2564.8967491045373,0
5076.596176465866,8,149,48,1207.5469257110879,1406.964910860815,0
2424.854914418387,20,272,27,3553.5618764170413,4111.1405628850525,0
1149.2534105672962,12,324,22,1372.0204737101244,3764.2432794110314,1
6106.589804373884,8,107,37,1713.7120953254487,3664.295936659155,1
2887.0169018493175,10,138,27,2249.406231933128,4380.96239134778,1
5812.8009760047,3,349,29,4567.031075303067,3613.923003107606,1
1544.472790026749,1,270,3,955.073155245382,1159.2064585736323,0
4811.91987844632,5,346,44,35.08249752291754,3527.8135582484556,1
5326.361736083307,13,288,13,309.8810877870691,1538.514066949219,1
519.1835446874467,3,211,45,4524.784044983789,1210.8732517373528,1
3366.7061776610117,5,271,10,3241.107159568382,365.0179644981366,0
1345.0123547128035,18,65,36,1372.4726904457557,3720.1429017383834,1
634.6863297572047,5,247,9,894.1905800458436,3555.004809749056,1
9899.612363667062,1,155,27,1478.3910158192004,1172.4973883704688,1
3224.216095902255,17,46,34,582.8366669838877,3746.89508362078,1
8098.934584100494,12,200,1,4708.249222319361,4589.204415467765,1
2547.1519069828746,8,147,32,3923.1888100826814,540.1447874578963,0
6815.345719517069,22,123,25,2317.331972793578,1163.1831919338747,0
7602.518371036976,18,0,29,4326.163399524858,3751.3039704365774,0
5956.791767337835,12,246,7,1254.7964394232292,1372.5333675353913,0
4716.2903093130335,10,342,49,3588.4316366762455,3123.3198714185837,1
4118.997300558538,0,127,3,4282.101170078579,405.8211223185726,0
3489.33379716341,23,190,20,1790.2758710001303,2261.0123955176937,0
9295.36191333401,21,66,20,3789.747582799081,3695.4571099647656,1
8306.363458469503,6,3,30,1482.4110228289037,3432.5697152162625,1
9650.30407975446,20,302,35,1501.2971049425637,4075.360503379034,1
1243.8479376319617,14,293,35,544.2153209853884,4387.260633015844,1
7308.9438845612385,0,142,49,2205.8896520819,3865.917506293791,1
9383.466227753557,11,190,39,3651.262413422137,3357.93871469463,1
1813.149428590436,6,20,27,4701.701819800712,158.61245908015576,0
665.8961774004082,14,226,26,3022.9469897261893,2674.8333670472202,0
7411.4653722513,20,312,14,4317.046333301338,188.48862457426395,1
5745.156658685939,18,116,17,4114.2482999582335,4040.339085580113,1
8418.445938805962,0,301,18,874.9818343466515,1603.622622299788,0
1398.5839938862687,16,141,45,2434.228970274031,2812.1468705896045,0
7952.877851287042,16,38,29,593.4484422717035,1397.226536594513,0
2017.0715731573976,2,354,20,3413.9442761925584,3912.500721901468,1
1637.3957727141794,11,251,27,4749.9993445479195,4432.512633209512,1
1643.4937135119985,5,332,18,694.076395812995,1993.2124710653197,0
8145.93262759359,10,206,4,3672.076822704681,4314.611967554945,1
6652.307009741305,2,209,1,3164.868372830626,1335.375037281662,0
5231.131182266424,7,114,1,2922.189134670418,2673.304615377619,0
3588.946010750901,13,224,26,1956.6999710948128,4293.80714919352,0
8772.128207590269,13,133,45,1782.1069222915246,1629.406713078952,0
3925.058629118931,9,250,20,235.79345320425043,4770.211325390429,1
8166.1777952763,1,218,23,1097.3644541775473,609.3975089069181,1
4391.909950793614,13,90,10,85.73264261126623,91.37534861753116,0
3770.067349819651,8,353,11,2911.2713568542827,4520.676762890953,1
4627.335176910395,2,45,41,538.2076470307652,343.24333073936117,0
3014.4773637672565,20,37,41,4366.366776208283,4959.445979737458,1
7476.346192382335,7,141,5,2620.4836732788544,4756.984309895531,0
5027.701180534699,15,99,1,3501.452646202955,685.1045501816034,0
2322.8947387730263,1,327,17,2060.1768882840774,2687.923128462829,0
8995.84615817241,5,189,22,2807.293246915233,924.6014873357217,1
3839.528322510741,20,34,34,4713.869293063486,2140.775865150599,0
5435.985058278772,11,146,45,422.8428577221171,307.1256462991634,0
9064.814637534504,4,29,41,1277.1494818992437,1119.6229389829475,0
6242.755721144007,1,333,29,3902.141751283616,1816.3639819944976,1
1169.8635090429323,15,83,4,502.6986623445026,2193.237501230274,0
9398.381404011137,4,280,5,387.54890848151314,4887.481291044466,1
6277.452822661107,14,343,11,1814.0915797826524,4039.3282284199063,0
3349.7212409562044,11,269,21,469.9181127774372,3687.049721559731,1
1393.5814545612093,3,153,35,2929.5414266089533,2685.2065737098715,1
7940.457867513689,14,101,12,1139.1135015748332,4199.988803021717,1
6201.107486529207,10,214,26,4479.532836364868,1696.6141782785555,0
5335.077458671239,15,149,19,3919.665403417831,3544.4955638665806,1
8939.031937926526,22,82,45,3501.5289784363863,4968.919876890861,0
7886.183515034083,5,109,7,3088.5506966486646,1573.144544675994,0
1517.597122447779,13,274,47,4318.693994403902,3370.0876744198367,1
3117.9089558876867,17,200,7,1123.0796870983568,4221.5743207619125,1
2485.6429090048427,11,283,26,4366.813125393496,4579.037916753361,1
7439.718979434197,10,172,40,3949.566569136021,3589.663454700509,0
336.29081492305806,12,326,5,3743.322523674551,1418.0396170856814,0
5699.326959028294,20,205,21,2810.665833593871,1631.4107578447324,0
7624.8243987211645,22,62,14,1238.7583632432945,103.79016061982105,0
8767.779601980732,10,72,4,2123.504100799563,3804.4298883575484,1
3421.4754054103587,22,250,23,3969.91756614862,213.69803030975686,0
8212.751789415457,15,123,42,168.57463694304897,4323.261773013728,1
1107.206737815117,14,120,20,3912.4333386261537,593.3030723726939,1
8464.676465053448,20,274,15,1207.9529950329568,859.3825606796213,0
1275.7591346574923,14,119,45,730.1029116007991,2382.6323541611864,0
3973.475618313112,3,316,29,587.3495777197078,3689.402075843712,1
7973.156362429757,10,163,8,145.9775596345674,695.0110259953884,0
1500.024356060389,18,285,41,2622.69656125505,2200.3553753324923,0
2293.284700931182,14,264,48,1099.11676474171,2414.256372050524,0
7222.80343136227,3,319,19,4947.264511240362,1061.4282083429566,0
7200.645328924197,20,160,48,2876.439411802307,577.7918834031586,1
6411.835181220088,12,307,39,698.047494086492,4182.104614928197,1
6939.790496226533,21,88,46,3446.925078648713,2512.3282488138275,0
5427.701709032614,18,141,28,4489.74039688353,71.90617992076487,0
2518.7387900106205,1,202,46,3728.445681894376,4014.9065065455193,1
3457.6142390456903,13,308,27,391.43490658684385,4903.969027072924,1
1816.7955702974552,3,226,4,4480.462064151371,3029.6309770712364,1
9084.59716277495,15,333,15,3971.7076354412243,2518.5419354203536,0
5834.334555866439,20,221,35,799.9364615270156,4392.079315224808,0
4009.113316219635,19,40,37,268.4115847767562,4762.583948422993,1
4620.596030637683,13,195,1,2790.9797708183996,3772.6845795123027,1
9472.886112778542,14,67,3,788.6186985864847,2227.2646486714393,0
1534.3606797576858,2,263,47,4174.608853450408,2961.106996657202,0
5862.7120903359555,7,1,24,1798.089936791652,3504.6768250899963,1
5059.3809001657755,15,360,27,4565.333299235511,971.3678550090071,0
6114.930900111043,9,124,40,2832.783978983619,2236.00516108219,0
182.08372802458425,3,109,36,921.535197355944,4149.106323586425,1
8721.36696553257,17,85,34,706.5983481254025,3273.626742492215,0
9321.250706553641,1,119,29,2886.597463413192,2056.0203360592704,1
5651.7667027085,16,126,24,3811.799223193595,3316.812670073407,1
6966.811587945046,12,254,24,3909.7131822334886,591.1120603622993,0
9225.07131239178,3,182,42,1386.0294481619935,2007.4880528243816,1
7072.679104499673,10,15,4,1029.1913269717156,3965.6426898152818,1
1526.2378900996991,6,61,3,93.61395941698824,1102.54393568324,0
5763.307313307965,11,157,34,3399.203764493835,929.8075377870884,0
6067.543748782176,9,267,49,392.07560958335955,4754.093299582157,1
4241.882582352558,6,34,23,2109.59839681197,1049.4881479311534,0
7364.705912011604,12,266,23,3012.3939984512976,1304.5928982508403,0
9343.735780675379,6,63,45,4686.173635149188,4848.07969452169,1
9255.759560554856,23,49,5,1565.8926634092854,3673.542851325128,0
4508.942874669917,16,254,31,1256.3630906081337,3497.982665117641,1
1133.2672203617117,9,148,41,3274.2591698876313,4264.631919272906,1
9848.427148424384,9,324,6,3100.0027699473726,579.1154111839713,0
8389.141966372896,23,303,37,1667.2278187075417,3529.7811829000357,1
1247.5021493514653,3,275,10,4641.2281591938345,2518.4430466411945,0
9208.497984291105,19,356,40,4225.863014173267,4145.753201420699,1
8699.09372425922,3,171,7,1127.672903866755,2540.7085933259714,0
5188.861733203595,21,200,39,1203.3213017182707,3101.206771344561,1
5913.163082013548,6,323,38,2566.378730966532,2388.7106319976797,0
3990.6280359974326,21,34,21,3870.1247876362945,2390.7946177792205,0
548.5616265814913,0,215,20,229.7614931484373,3839.8498903091577,1
3352.6372192173635,11,64,3,3469.7424171361863,3142.832003236416,1
8028.731632531516,23,7,22,3244.697127936664,3166.316008047052,0
47.31559802302399,12,300,47,1165.0856786058114,2251.412419157629,0
3335.658217739751,9,342,4,3409.9515360743303,2655.547481687638,0
3982.288767215842,14,331,28,4701.514124347892,3728.5883310239365,1
5374.418633776291,12,75,12,243.4613664091249,4129.704595559591,1
9198.636308511192,22,173,38,1605.063755907392,3482.8070107202307,1
3464.1135976652467,21,46,36,2196.501816165113,4620.364944228416,1
3470.185065760381,21,14,47,4497.309191034201,4101.620440736005,1
7375.274979849374,20,360,41,4811.684618579692,2809.3189490475925,0
4522.727190957182,21,146,5,2226.135080016698,3357.030363218684,1
2246.82362457688,8,25,13,3752.641776589534,4631.54138460598,1
4524.942721810801,8,307,23,2662.98850858477,3095.840221215292,1
1409.4293467776188,14,92,30,2693.536844359469,4124.0347398991535,1
1764.693478075727,9,231,37,1397.7165801811186,3444.0525179499355,1
4984.179359622058,23,20,25,1092.6116668607588,2759.6818053023326,0
4189.835569595974,9,306,48,1447.1466761609654,1209.1909770767656,0
9148.544164779933,7,37,27,2786.076756212826,2129.987597342141,0
3624.5765972672143,23,275,14,155.4843782502241,4838.714124168579,0
5806.302914430156,15,156,48,4537.172232338465,3288.8269163630002,1
6323.0106149073845,16,178,47,789.8557106533833,2821.976901694948,0
131.93147142674803,4,131,36,1108.2424975882188,4664.783127641137,1
6635.710182795089,3,310,39,2596.1981204737554,2932.5589051872435,0
1781.1816327306444,17,347,16,3553.4726840230237,2630.4125920870147,0
9610.742104377083,23,27,22,487.6879831745425,3796.554275751026,0
1487.4786148033763,18,259,21,1595.2965407603392,3563.3280949327223,1
4146.826613146511,3,75,21,4843.6862818160425,965.8000420421637,1
854.41133111836,6,66,8,1319.091404236919,2356.5413728706058,0
9968.745644207627,9,341,49,1572.1202238651028,2362.577214097926,0
5022.447908302094,17,193,16,4184.127468183987,1891.122576216724,0
5954.254788183118,18,161,31,260.5700141353717,2586.4674107612655,0
671.6976974068864,3,346,42,2328.4197123567646,2065.536988635721,0
7499.854743521379,9,360,10,1904.2876546138345,996.7274473559157,0
2099.8460253627622,0,256,32,1589.7679319441693,2061.8324363734055,0
8980.644840117697,22,71,34,1435.640974283375,361.384737865883,0
2052.1912651795897,17,86,9,465.9567832534419,2878.9293138720577,1
1907.6865189160021,4,261,17,1580.9808884647275,4268.2727447055595,1
366.4601288131007,14,213,11,224.83148955118617,3626.4354217727764,1
4721.1973841548825,16,152,32,3907.009679585732,1801.9702002705562,0
5648.846491492902,2,209,10,1997.1566918504782,435.3560278865409,1
658.0206856440954,11,60,22,2225.080123276359,1010.7469961263538,0
7755.500639333411,1,267,17,4469.036986386157,2727.4517024741785,1
4533.435058645528,0,261,4,3293.6943694674915,1035.2854169151642,0
5244.378303006472,22,217,48,50.214925677177746,2719.8655564248375,0
4408.186706635343,20,282,47,4716.442366576812,1157.9951238194947,0
4008.2298456923845,16,135,25,1193.350885228779,4244.619347380364,1
5596.843672750871,21,361,21,546.9947819516956,1986.3573642022986,0
1553.2472190611943,15,92,37,3842.959610120602,1227.7531297224552,0
1820.099376822216,4,108,38,2507.381806174924,4061.630901235308,1
8617.99442451416,14,240,49,2174.5151244299077,1714.1948240272536,0
9461.208505874194,2,354,1,1255.0203676168815,557.4384391939096,0
3733.7198534812496,6,141,25,2741.88273441297,2852.047457018208,0
2708.175986762394,10,290,36,1379.1791799609114,2907.8210221899435,0
6440.351432846918,9,236,17,4508.899196382467,3573.4783761786707,1
4087.932976809866,8,339,41,1083.870353868632,1201.097166041928,1
254.83817024778827,13,311,24,4422.93220077421,2218.8566954612256,0
1562.3698210645375,12,176,2,2801.4330743795113,1411.8395952132812,0
7160.006316245128,1,140,40,4144.155788137253,404.76868057844064,1
6589.580495159604,2,188,15,3567.1015193461653,4383.069135079458,1
271.93282904233143,6,48,32,3486.508606069375,3644.349022441706,1
2220.4996471675613,20,301,39,1628.485580398328,1507.3152972940036,0
2311.5168910841257,17,189,6,1177.1456880462954,2996.8649643599315,1
6719.255543243686,2,135,1,1062.3222761271327,1006.3189406723621,0
198.0856670058872,9,42,47,4287.386368727348,4451.183108978855,1
1041.9817112637538,21,352,23,4103.92983309251,574.5317168095515,0
7999.36093764652,6,89,39,2208.4619047814135,19.185727539004493,0
1786.268075881282,8,294,17,670.6990213473085,2510.0409886959105,0
6527.808332410895,16,340,34,1917.4387373675172,2915.6391172643466,0
2382.5896276862186,10,244,41,3100.523836143188,2894.826601479022,0
995.3144862006923,6,191,29,2277.4717408549645,272.5596371891315,0
2432.478737803541,23,317,9,3903.144449730145,1570.2190345921624,0
7222.947051624736,13,105,13,4988.137883034413,2495.994734206659,0
8557.108984594752,18,362,6,963.7491213599952,1082.8959281362045,0
8302.368425805349,3,309,6,2303.6575901012666,4363.129427429481,0
3972.4381126549297,5,232,20,2160.609670584902,435.5464473071702,0
6681.183280569891,9,264,3,1529.4177384172647,2436.9222083602144,0
2050.637969862794,6,343,17,998.4966284342449,3457.08028756576,1
2932.1841548798716,12,36,49,337.80366128339955,1308.7555006724122,1
8963.461849392677,13,304,12,4436.725392946255,3121.203684987591,1
131.00623318384962,3,40,48,2105.045001454725,4146.925750711873,1
855.9998000138263,7,16,47,2489.508637315244,951.6848754752377,0
2079.654665205127,4,343,45,4585.54082052257,4586.102959124314,1
266.29550653432335,0,276,1,3883.6894828045797,2767.79266331179,0
1815.1729154628833,3,306,17,661.2013079447493,1496.160021505303,0
5830.832568135952,2,58,3,2831.4456383626343,2154.291376911354,0
4214.824081374387,8,182,26,2216.8388598326,1560.9594189319398,1
8926.824439058671,7,40,15,3988.0832521680263,3625.5557996665807,1
8174.6181738226705,0,38,36,3623.920412583627,3981.503317075661,1
3418.831699627062,5,191,32,3455.124552336249,4164.686961593306,1
2594.9749108794936,8,266,32,1709.3187290446854,4928.841247928706,1
3797.5443892645017,6,146,4,4026.76901469228,3956.4214624834176,1
5903.359130205563,3,332,18,271.4325650183575,3006.920353442817,1
2681.3683445879396,12,126,49,806.5282581465145,1696.101491958919,0
6241.864929583491,16,45,19,1684.7601321597795,2722.977243553747,0
4094.707110260213,1,44,43,393.2691309357136,205.34086395202712,0
5520.919761338951,4,0,35,1182.6214448981111,3724.1253776495655,1
4361.829164824032,11,167,40,4152.453405159611,2229.777725460509,0
2945.363129659635,20,107,14,4741.775173572496,100.1161486609381,0
9484.584616314605,7,18,33,1529.9657553132106,312.53470755205404,0
7636.294335803448,5,331,14,1329.9338619043028,1937.3323191087832,0
1401.991644488759,7,71,34,1406.6643347096701,2917.1075950921754,0
8684.81129100323,17,108,4,1395.8182458807107,2321.0197447606333,0
4874.824551296887,2,267,24,189.29160910800522,3096.0215864607744,1
8945.62771671402,21,239,29,4635.312568192229,2401.471293956779,0
7998.752704217205,11,300,19,1076.3537264359388,3308.519227406734,1
4252.709831187865,2,89,6,2105.8203296662105,1095.6303233540043,0
225.67061389285385,21,102,33,58.33754487742902,564.215935918107,0
2687.5049164900756,5,249,49,4291.195903666136,2982.1697731282998,0
5416.800512394008,1,7,40,3658.4751488300367,2423.447584681537,1
6335.148720041647,22,152,19,4734.312615516779,134.33827022467648,1
2579.61896664659,11,346,1,3910.2612411900313,1902.4094274651793,1
1394.4213846541686,1,173,5,1575.3954951398055,530.6279274549775,0
8349.467437756191,5,342,27,1246.8880600548339,2656.784158763476,1
9844.037404854818,16,157,16,3491.6043746909318,1978.8883983021537,0
5257.376132844555,2,214,6,1826.9227473023923,3065.7595555150897,1
1717.6211791971866,1,176,40,2835.4129286055568,4028.0110938511916,1
2723.8009578671704,22,174,13,41.22478042208644,1498.343419207454,0
184.88837479811986,19,339,48,318.8096513855715,4810.510520825138,1
9143.07376679843,7,337,35,2681.4860264964395,2678.172502937872,0
1178.3930778185213,21,145,19,2834.697515776344,3091.45399377394,1
5765.588238667021,11,323,12,3759.7501928521247,3403.361866128685,1
2741.278151651373,3,160,16,668.5069449235691,3333.657649287949,1
5542.225847155419,4,126,43,2570.783587946326,2554.85371522531,1
6514.552463130291,12,81,10,980.2937457141261,2143.8214555734176,0
8297.58829526831,14,146,25,475.0486366178465,268.9098208868895,0
2065.0062963342716,22,238,20,2058.3740123621674,110.4292265058987,0
110.9472907561463,15,83,31,825.0498739643956,1789.8059726638232,0
1369.719415058004,9,112,4,1116.6920711796697,1668.3044531684632,0
9000.286399839202,22,224,44,1594.5973535488138,1938.4757741950336,0
8739.02688554759,15,331,23,1304.3481197085493,691.8410044409501,0
5974.533608600913,11,242,2,447.0805740556725,3690.8413526842182,1
6005.5680874761,16,142,22,458.6820618499144,4284.822073881195,1
6650.701708788009,15,40,37,974.3145820184991,4693.573176870175,0
1754.5374149558725,11,257,8,262.29034791809937,2461.8115175981293,1
9144.205047303672,7,284,7,3136.020528187866,3504.328495627143,1
4188.286478395839,19,104,14,1443.7603153794207,4277.755617179362,1
3832.0021439667253,2,201,3,1405.9323791676643,2091.45555546743,0
5189.6581351230925,15,306,16,1666.6714882464482,1547.063974352222,0
470.6127017837754,12,330,19,3317.353408306511,4683.622779267451,1
1663.667404192038,22,265,18,4354.463068602618,2578.3827553853657,0
7380.598130647278,18,209,16,3797.8437934526355,2486.26943295439,0
828.9038805833395,7,50,8,3640.370858823224,892.0804828174789,0
6031.917942554415,21,117,33,2427.1120161482377,540.7750728667837,0
2454.245747703528,4,200,49,3472.0897292673844,4210.534312417558,1
3893.5668448057236,19,38,12,2768.2842164875797,3070.6658809375904,1
2887.648673970228,7,27,11,1089.0901356507793,1629.1229200972434,0
3557.3714919330264,23,258,5,1050.855955027843,958.6810869513324,0
7190.74000593727,11,83,27,1488.9961143076644,2777.486400848157,0
2971.920034516127,0,154,12,4554.905328139368,2919.5964463056766,0
5664.479998328675,20,116,17,2741.600053494832,1034.9680062252908,0
4761.027971588797,19,1,6,3672.1878312393283,4257.02873945737,0
6637.047982461118,5,92,33,1739.3282114845724,421.32183077925544,1
9368.360563508255,21,165,5,2044.501695619474,1780.4654258321084,0
7325.9884000052925,17,349,28,636.5722373998843,3401.9220688126106,1
2150.188845528977,7,295,14,864.7618395301351,1370.6018190960035,0
312.80016747778546,6,257,5,4138.509208582466,4138.375973906359,0
2623.378178953951,0,80,33,2928.3447721275215,3699.3391330020177,1
5951.184229071848,20,267,48,1694.2870047602564,3945.114222740671,1
515.2067090290193,15,234,41,4016.2275328877745,595.5326793835814,0
4964.166105765162,11,320,19,1240.1343291335352,702.7356399777146,0
5968.831646319975,5,310,22,4880.403166015017,1432.368688722918,1
3343.1046642787915,19,300,5,1730.6398626533871,2590.385825987805,0
7709.351125254473,1,356,2,1693.1816612146256,3740.080383497012,1
1066.8759330845842,13,212,30,1566.440408628159,4182.654453804517,1
752.3026795763518,3,61,47,619.3364644621968,3521.6765797859025,1
7282.15937327983,0,48,39,564.5743651867419,4642.984407653192,1
4955.417670745778,22,126,4,3244.0441223252756,3693.7175480796514,1
6884.335561880933,17,222,33,4376.839042344654,1531.3394350230735,1
4348.838558698859,12,278,13,3954.6973462556507,1325.406421692863,0
2464.773930357829,1,293,20,714.1268941665419,3480.9622515054493,1
8191.204074424323,8,283,7,2732.4547877424116,964.3528434480713,0
7994.359373810824,20,276,15,536.9018144234336,463.57405405134944,1
6947.270012073413,1,106,23,236.02027162925646,2661.1143742809695,1
2722.179227162397,8,145,14,3285.3654383299886,4108.207848894776,1
5902.716438024002,0,98,23,2680.410145064948,506.8992123493177,0
3610.377995503328,10,72,19,419.29818920523957,3959.456618978646,1
916.7291511930149,2,121,29,184.34683956588233,4057.8600217577405,1
9173.218441046965,19,29,20,4948.88450291258,2411.3700004077177,0
1369.049490558695,22,187,29,159.80644742386866,286.55155005243404,0
9502.423300854203,3,363,24,2228.195982720297,872.949256235932,0
4460.611723806599,17,353,18,2528.048932792401,3537.1313758096617,1
