credit_score,income,loan_amount,debt_to_income,employment_length,num_credit_lines,delinquent_payments,loan_approved
402,136296,97059,0.4164903441058986,12,4,1,0
735,111182,36348,0.3075928518870317,14,4,1,1
570,112565,69732,0.18318640601803876,19,9,2,0
406,59402,6177,0.12758662582265767,18,7,4,0
371,34263,9760,0.019913612737455733,2,3,4,0
320,126523,37779,0.18236784074443427,3,3,1,0
421,76828,26636,0.3918976743187698,4,6,4,0
766,77924,86889,0.5629828910690896,0,6,1,0
514,104182,58551,0.5227226893578312,3,4,4,0
630,123065,16556,0.4596388659211815,11,9,0,0
758,89052,32598,0.4730684059519792,9,4,1,0
387,41664,16563,0.39899094208559716,19,9,1,0
672,65737,51819,0.1561721145396018,12,4,3,0
399,131332,78770,0.5443170184234979,13,2,4,0
430,119563,96055,0.4024393871435004,4,2,4,0
608,59373,31966,0.33626437858826397,3,5,1,0
643,147369,86709,0.06659368152808864,13,4,0,1
791,66397,64889,0.26823332628385527,9,7,0,0
713,116145,31987,0.27621496272115575,16,5,0,1
685,131371,83714,0.518738165713602,9,6,4,0
491,68709,63348,0.32798893211267305,6,4,3,0
576,146074,29596,0.22824032938224578,15,2,1,1
460,91120,38174,0.5860801971063956,0,9,2,0
759,49250,69106,0.06643235599578941,16,7,3,0
613,51172,74967,0.25352905698716677,8,4,2,0
321,41555,64182,0.025214805102843175,5,3,3,0
552,117410,98300,0.4439424724601582,18,3,0,1
774,108617,92163,0.5508459313194903,12,9,4,0
358,83276,44310,0.16802239773029365,2,5,2,0
810,87492,61088,0.5150050060794725,6,3,3,0
775,83002,13906,0.17533093827713866,8,5,4,0
489,119599,41914,0.5464620969863491,4,2,2,0
543,102355,50379,0.45237714215807034,9,4,1,0
804,121248,83612,0.4829440661048632,16,2,3,0
430,54762,42650,0.010803933360272699,11,2,1,1
784,41046,51881,0.5776862142444156,15,8,0,0
320,126999,51413,0.4360025952421939,2,1,1,0
466,146021,11012,0.18285065723167998,8,7,1,0
573,58769,55115,0.49763679891530815,14,5,3,0
687,83302,12151,0.16891271904895797,4,8,0,0
615,53150,62716,0.5236523037396767,12,1,1,1
313,98247,98747,0.0675482342471622,13,7,4,0
541,34853,97653,0.42221158647647744,19,5,2,0
645,124613,41378,0.3244190859869462,14,4,1,1
639,119399,47652,0.057920682117264484,15,7,0,1
391,51792,77430,0.1451362969553034,12,2,1,0
666,89129,18467,0.007442421766388874,16,1,2,1
754,136019,36010,0.28126077927870347,7,1,0,1
727,104478,59691,0.18075915645600021,1,1,3,0
808,143811,69157,0.35901449057865525,4,5,0,0
334,144130,17289,0.1783426846251703,5,7,3,0
505,97298,49976,0.1799514669041908,11,2,0,1
380,61987,48596,0.445915919238962,17,8,2,0
687,45850,28171,0.028885701587012067,0,4,2,0
301,42112,91365,0.5417369971151923,16,3,0,0
689,54058,49139,0.5113583246347089,10,8,1,0
405,75420,53713,0.4006828099358439,9,2,2,0
776,68890,34734,0.35593294206443055,18,3,3,1
701,96017,77588,0.5353814988837913,13,3,3,0
461,77304,68646,0.11119810771722867,9,1,4,0
501,62921,8654,0.047381497314497166,14,6,3,0
569,135921,94022,0.14370610194572286,18,2,4,0
570,31524,23743,0.4767469672201141,3,1,0,1
755,130424,53368,0.020802160035889992,1,2,0,1
761,45048,95025,0.3496841010500938,8,6,0,0
551,65111,79172,0.5972625097147859,9,4,1,0
595,67904,11441,0.5134176563025237,10,6,1,0
637,84912,29611,0.31286741342615365,13,9,4,0
352,64008,17149,0.038184545571985404,6,8,3,0
516,30060,64189,0.4988241086314259,14,1,3,0
487,104666,26675,0.3593871049063263,18,8,0,1
679,113559,76031,0.0689597982357401,14,9,2,0
792,85337,47668,0.05631437089401372,7,6,1,0
340,140616,18673,0.5457760916619554,10,5,1,0
456,43350,81666,0.40152015776284705,8,6,0,0
314,54354,93204,0.4975720795900533,14,6,1,0
364,75186,85758,0.5273873401693604,0,9,0,0
820,58145,70429,0.3430634112289933,0,4,4,0
643,64020,28669,0.31046781105302473,18,2,3,1
428,116123,39068,0.2582564461925941,2,9,2,0
771,136667,93789,0.19016795267467157,9,2,3,0
362,105186,14435,0.2607575765152271,7,9,3,0
438,115469,99088,0.4643277934380938,14,2,4,0
798,50581,57249,0.36115405860907895,9,8,1,0
691,118929,42384,0.5355139739729077,0,9,2,0
718,53051,86929,0.26602800862751264,17,9,1,0
588,81474,81153,0.3642537472312524,1,9,3,0
678,121748,80388,0.37878453185519323,18,2,0,1
789,144618,36401,0.3550182973837953,12,4,3,0
530,99626,76831,0.4215802638513098,0,7,1,0
340,36960,39084,0.14246008102488375,1,2,3,0
327,65772,60826,0.3074182665274744,15,1,0,1
434,51520,41451,0.0625348816850086,14,3,4,0
500,79481,12227,0.23070679658688753,12,4,1,1
332,66408,36910,0.2926002411727586,15,8,3,0
347,124006,41041,0.3913345557272835,16,6,1,0
802,87134,93920,0.5703186315517221,6,2,4,0
706,50491,70681,0.3603906399290135,16,9,3,0
398,31341,86571,0.4461563497059359,6,2,3,0
846,74623,70481,0.30375963569712167,12,5,1,0
761,120327,73576,0.3804624188257988,4,4,1,0
304,30338,69174,0.04255932968026405,16,7,0,0
517,101431,31160,0.1526349485051082,2,8,4,0
802,42254,22633,0.2171118559230832,6,5,0,1
697,81860,99880,0.28349601300390814,16,5,3,0
692,41344,22014,0.02738924730143024,6,2,1,1
506,31750,85532,0.0840144585319906,0,8,3,0
314,84756,54104,0.16608858467478346,16,2,3,0
760,97957,46621,0.5829196145406303,16,6,2,0
540,135423,82231,0.19880820426183046,10,8,2,0
395,88053,73388,0.28922463486724953,2,6,3,0
784,100855,21014,0.11765862764303575,14,4,1,1
706,45896,97578,0.36646804264546096,10,4,3,0
530,85761,38755,0.16840992930958457,15,6,2,0
470,92552,45390,0.12419554706305606,8,4,1,0
840,107454,28711,0.3099435770675874,0,8,3,0
335,148681,96658,0.0033034794962524924,15,9,4,0
824,120600,62993,0.004598419589535196,8,1,4,0
459,142153,79696,0.13144128546111467,18,4,3,0
542,57935,32213,0.022032817500492685,11,4,1,1
385,67641,62784,0.06481545247841482,18,2,3,1
327,59711,12421,0.20331638960325096,8,6,3,0
639,100342,91936,0.4815514077478877,6,3,2,0
630,136896,22727,0.3432291860215805,13,7,4,0
805,42182,9358,0.3076006355738498,18,5,2,1
647,117833,70108,0.17609329392487297,18,4,2,1
772,86276,99018,0.5590522316596898,1,5,3,0
530,49541,37117,0.23820902474231498,8,8,2,0
489,124457,93700,0.05225566007746289,12,3,4,0
524,112310,36910,0.37023990967068077,14,7,2,0
684,74813,60754,0.06830303608596085,2,6,4,0
676,67198,67438,0.20713388568101523,10,1,2,0
582,38820,34371,0.3044471632306853,13,7,4,0
558,54070,56501,0.5245335148111054,7,7,2,0
658,99768,65946,0.2961279482040712,17,1,2,1
755,41122,43467,0.42135525961899856,18,9,1,0
710,110559,22625,0.5956901033994422,15,6,4,0
617,103543,38893,0.07889347193878897,1,2,4,0
524,113441,81329,0.16483891531171171,7,5,4,0
533,71786,36007,0.23674564535858783,5,4,0,0
673,124934,96302,0.2530969071232988,11,7,2,0
771,129804,44532,0.24661264515932746,14,8,4,0
532,36737,59253,0.5445666015339329,7,1,0,0
412,66062,17323,0.4284195866801139,3,5,1,0
796,84237,78379,0.36474312845442225,14,3,4,0
741,81571,19210,0.18562363071766924,19,1,4,1
567,55510,21456,0.4942742305327768,16,3,0,1
809,49426,36367,0.5730363068909934,12,6,2,0
685,67265,59624,0.4927189695301359,17,7,1,0
686,47850,15106,0.0009390631148837425,1,8,4,0
412,148249,73008,0.3818408221100442,12,4,2,0
380,96150,77240,0.030681228865260434,12,3,1,0
412,117312,69315,0.1545643322002331,14,5,3,0
301,119613,74249,0.03571482020866301,19,9,3,0
519,104910,75587,0.36227727176963265,9,6,1,0
524,82375,15756,0.41195394809556407,2,9,0,0
684,65435,73011,0.06869258283954306,18,6,1,1
702,126443,41378,0.23030332982698767,2,2,1,0
429,87132,9255,0.2737419053733252,13,5,0,1
352,108945,19484,0.22143181305654994,7,9,0,0
715,112050,61549,0.07261500029111582,3,8,2,0
546,125402,39503,0.25136867411248526,19,7,2,0
738,32983,78794,0.45070682868505085,10,1,0,1
502,127241,50113,0.04260459871995328,10,4,3,0
483,50662,79069,0.04810800844914207,10,7,3,0
422,53510,10249,0.21286277510159052,1,7,1,0
700,108187,24201,0.565035426971355,16,6,4,0
593,70998,63576,0.40114358803374844,8,8,1,0
579,86846,14686,0.40720197400353886,1,6,1,0
497,124071,58363,0.21715199450271896,14,3,4,0
810,36640,5661,0.35619647472512306,15,4,0,1
443,74547,49843,0.006078710416646027,3,3,3,0
500,84620,65963,0.3816576278457253,7,1,1,0
423,45317,47828,0.547972168545742,8,5,4,0
486,145608,53604,0.3675440810068915,4,1,2,0
625,37564,15526,0.524219156079807,15,1,1,1
763,57345,73910,0.4343838332796563,12,2,3,0
648,143824,30592,0.07233504984221414,6,4,0,1
702,124223,33982,0.541471984371505,19,6,1,1
645,109273,5207,0.03986630661346493,16,8,1,1
810,104859,93733,0.3203804835286583,2,3,4,0
446,110765,73619,0.0852822742760746,4,1,2,0
447,140017,34328,0.007023966438542439,18,3,2,1
788,104038,51479,0.2532205560765834,11,3,0,1
637,82393,25103,0.17702442459249373,6,5,3,0
772,96081,44891,0.2916002962785618,8,4,0,1
450,132650,15754,0.34631993204073047,5,4,1,0
714,59430,86437,0.026243443385368413,16,9,1,0
597,105532,77982,0.07380197707424738,15,7,2,0
562,57788,60922,0.3351854378702552,2,4,3,0
443,125505,53231,0.20590041190359493,3,3,4,0
645,78543,34301,0.43750409252966876,9,6,3,0
301,43919,96652,0.3913749891551638,4,3,1,0
603,99346,67711,0.5073626177939441,9,6,4,0
553,126122,46323,0.4154956960015352,11,9,3,0
752,69974,23752,0.2579586464340889,9,6,3,0
336,137309,87205,0.40377997343665945,12,4,4,0
459,46371,18395,0.16522870455325112,10,5,1,0
308,75084,90957,0.1837880992669276,15,6,3,0
532,59629,61273,0.47339109595247597,7,3,4,0
398,81184,96878,0.2678517098409493,7,8,1,0
507,91916,9895,0.47902820431101145,7,4,4,0
430,103972,81559,0.49345342420096705,12,8,4,0
703,92187,15699,0.5145374025967703,1,3,3,0
451,42984,70061,0.5499811415047243,11,7,1,0
353,63039,14715,0.25859113230797776,9,9,3,0
419,115431,24169,0.1913200909926833,11,4,0,1
719,113691,21163,0.3493192479564683,10,8,0,0
721,88606,10782,0.22270345406257655,14,3,1,1
403,40616,93177,0.36064450008013976,15,7,4,0
553,132665,89328,0.42335151758629475,16,3,3,0
526,135373,40585,0.41304301109528213,1,7,3,0
411,80072,35682,0.2247317322120728,17,6,1,1
809,54574,52864,0.10011612101925169,11,2,1,1
772,33430,89416,0.2583176030773245,18,3,0,1
398,149123,60114,0.08555648644914524,17,6,2,0
452,42676,43067,0.534058221110285,16,4,1,0
637,40816,47685,0.20752647644271444,5,6,2,0
462,62733,23073,0.09267584833399427,14,1,1,1
460,115680,41035,0.015268655943450525,2,1,4,0
697,32050,69977,0.38749343177189055,5,3,4,0
576,139996,95373,0.38214139047284595,2,8,0,0
803,63933,88362,0.204362499948775,0,8,0,0
691,54951,95517,0.0430271333085906,12,4,2,0
434,62413,70450,0.2457773369371392,13,6,1,0
494,64801,15382,0.18673049703803615,12,8,3,0
700,85619,9437,0.4062723838410056,3,7,0,0
332,62913,75971,0.3634675496716142,6,7,3,0
759,142573,69612,0.218756236918524,9,4,3,0
769,149076,95355,0.13073553255299405,6,9,1,0
674,70600,66929,0.5928215796933551,14,6,2,0
321,87775,17329,0.2724009727176689,14,3,1,1
337,120816,30169,0.4129645414681422,3,5,0,0
529,120093,92468,0.08433178054701647,5,5,3,0
664,142590,39594,0.2913538197956387,19,5,1,1
737,65400,81957,0.01652203192167929,4,8,1,0
582,34494,65631,0.30327307074626997,19,9,1,0
326,110688,50033,0.5784104442706214,11,9,0,0
525,119431,68133,0.23052402779148012,0,6,2,0
576,104691,78165,0.023397607544946953,7,6,1,0
583,127419,78861,0.018573474551606118,0,9,0,0
780,138730,57290,0.2327920559681217,4,4,3,0
752,73001,99031,0.09601496187791643,5,6,4,0
815,97364,36750,0.014011257796911546,2,4,0,1
846,75028,45461,0.4537281683701061,14,1,4,0
491,137434,78800,0.2751138053291344,4,7,1,0
348,127659,83222,0.17354686318359272,13,6,1,0
811,67573,29226,0.5400499098098884,17,9,0,1
316,30806,11721,0.06968337612031536,15,7,4,0
471,86638,61154,0.5735512973731915,5,7,1,0
519,136506,25609,0.1883800304264117,13,2,3,1
457,59757,57130,0.5330422033852087,7,9,2,0
776,64636,77909,0.3617657258876769,6,9,2,0
345,110097,60249,0.49602441584489243,7,6,1,0
672,78280,53895,0.5904078979262786,12,3,4,0
817,54262,99473,0.17304326269124742,5,1,1,0
398,110435,10656,0.5766812912445558,17,4,4,0
336,92211,79520,0.2336891369414522,1,3,3,0
579,84842,68740,0.23130714284215337,7,1,4,0
648,86979,69309,0.2042322625527034,10,3,1,0
796,144524,34984,0.3248445644085511,0,4,3,0
601,111470,78822,0.09248702590709225,5,8,0,0
480,68197,10901,0.3322268912148067,15,9,2,0
398,71844,36552,0.3250228874460024,19,3,1,1
415,94754,96245,0.457141087562922,11,6,1,0
490,131868,36055,0.5001899771625513,10,5,1,0
552,64157,42685,0.2642648101874544,9,6,3,0
460,107129,78965,0.18139994961089626,2,4,0,0
555,70042,19716,0.15560093839025668,12,6,4,0
622,91665,16138,0.11677430202292316,2,7,0,0
427,145512,40298,0.03458854931941493,14,9,3,0
317,146953,56112,0.205468787300828,15,7,1,0
622,112856,28429,0.16214861527846994,12,6,2,0
587,57376,55200,0.5798504315198444,16,1,1,1
454,139049,76308,0.33462529575002636,2,2,4,0
789,85554,53244,0.20836622341830452,19,1,2,1
685,44199,22347,0.3482805605962176,10,9,1,0
403,148533,21920,0.0835180208074173,18,9,2,0
692,111412,36822,0.2664262495213217,10,7,0,0
545,80948,51659,0.3757405928526383,15,2,3,0
475,103781,45108,0.29333869907547083,2,6,1,0
338,102750,94099,0.24106728039259454,5,4,4,0
776,96262,12967,0.5963090333398189,13,1,0,1
837,147424,16871,0.5281888572893562,17,1,1,1
707,76600,99299,0.37404357489566403,16,5,0,1
824,106898,82452,0.34162641670936966,3,2,4,0
805,92483,79270,0.37239628789475043,14,4,1,1
335,48297,38613,0.12078726469345995,10,1,4,0
319,60448,33179,0.23708264595859116,2,4,2,0
620,56172,57188,0.02367571973453959,2,6,4,0
811,72874,60099,0.285327622492096,15,4,2,0
699,37657,40262,0.3258147503745979,4,1,1,0
770,114386,83213,0.13664984166192576,9,7,2,0
442,55425,23268,0.5784173082993083,18,2,1,1
391,56685,82866,0.5456727665623452,3,9,1,0
653,142855,91269,0.43328594127354353,18,3,3,0
350,54578,65545,0.32003197725921756,10,8,1,0
489,58831,97822,0.521981495788611,1,8,2,0
424,37906,77146,0.07839140629407775,9,3,3,0
449,91413,76966,0.47430587656493095,10,4,3,0
613,84028,44922,0.07489248838010898,19,2,1,1
641,37287,84364,0.4765263975296432,15,4,4,0
604,63660,47913,0.16546054095081417,18,9,4,0
353,105758,60677,0.5262543486109134,10,2,3,0
743,90504,54841,0.5664252562952387,13,3,1,1
563,89720,51332,0.08927758164306938,1,4,4,0
352,132979,97062,0.2776053630392361,4,5,1,0
304,64701,30032,0.588592426897611,4,1,1,0
402,113300,42846,0.29004446158388797,18,7,3,0
495,140177,64474,0.518128513508727,11,7,3,0
649,47674,49936,0.3532389132787919,17,9,0,0
346,113560,34794,0.2251979447517611,3,4,4,0
568,141543,66588,0.1714701333155221,16,6,4,0
669,53874,75984,0.12193385465165235,9,2,4,0
405,73642,55331,0.45707891482661833,19,4,2,0
419,127820,99397,0.2319243040938167,5,2,1,0
357,95160,33141,0.30676527732045067,13,5,3,0
645,47602,14074,0.29539528800070913,10,7,4,0
773,133320,11406,0.3463674175398787,10,1,0,1
416,118801,28291,0.5193462873747313,17,7,4,0
426,55931,46568,0.5884436061500576,17,6,1,0
692,124377,51851,0.24455052514429015,10,6,1,0
357,59192,59823,0.4965113532637818,11,8,3,0
812,76542,28312,0.45871667679283057,4,8,2,0
395,72520,48108,0.34411737087334393,8,6,3,0
417,94772,71918,0.5736282861671599,8,3,4,0
787,88762,39171,0.12028470931704166,9,5,0,1
536,80106,46779,0.06555852618577285,18,2,3,1
571,111121,73828,0.5123771801732533,0,5,2,0
488,55559,17411,0.26348988998024897,6,9,3,0
746,135595,62009,0.5081813125242363,3,1,1,0
546,63742,20422,0.5358541231172489,0,5,4,0
375,99669,47468,0.03747455617144286,14,6,4,0
453,110199,37371,0.5300788577916364,7,7,4,0
734,51754,62022,0.2689914332216533,11,9,4,0
385,33972,76229,0.30625949340253933,17,6,4,0
584,100831,56196,0.37595550665592614,14,5,4,0
519,142217,85354,0.5558295640380521,16,7,0,0
368,71873,31715,0.011469656657858417,13,1,2,1
346,124661,32605,0.28610608099069024,13,5,4,0
393,136532,36174,0.4126332254583364,17,2,2,1
752,39903,14956,0.43362417461893704,19,4,4,0
503,33020,81373,0.4155194589222648,17,7,3,0
517,71755,74252,0.08066107764487311,15,5,4,0
773,115956,66949,0.17963735302300873,0,6,1,0
731,116988,67646,0.21522931525020808,10,2,0,1
640,75648,75017,0.482662324607703,14,3,3,0
588,133537,68037,0.1672559234487318,11,7,3,0
553,39516,94818,0.1264229783203219,7,2,1,0
656,142863,11548,0.5744688114228577,19,6,4,0
322,145005,78294,0.0053179710680813395,5,5,0,0
821,32396,28177,0.5986925134091869,2,1,3,0
399,114082,29022,0.4060927793144374,12,4,0,1
479,49129,10542,0.4970815796694702,12,2,3,0
522,31591,96012,0.1767716378077159,1,4,4,0
741,41303,65428,0.008589166600235986,4,1,3,0
624,60561,27740,0.442721711136918,16,2,3,1
815,101719,64353,0.5004867582004054,5,8,2,0
315,148618,95353,0.4442856791721115,1,6,4,0
635,122108,61532,0.08571017238050316,3,2,1,0
557,129616,21052,0.45205675335418144,10,6,1,0
796,116231,52076,0.46135366926458454,7,9,4,0
459,37314,58420,0.3951243094020329,11,7,1,0
774,147071,5671,0.4596695596773517,7,9,4,0
679,49623,5163,0.5075528638066392,10,5,1,0
844,97675,46424,0.36816246854247503,19,7,2,0
726,142992,58744,0.053162828381807435,7,7,1,0
567,126826,75331,0.29257668580032653,7,3,3,0
716,95082,15634,0.04658960080296304,16,7,4,0
467,113624,9798,0.2445258186194585,19,1,0,1
342,135228,27420,0.24426389347537658,19,9,0,1
584,63130,34300,0.03960590648414495,15,6,4,0
696,81756,94881,0.20929232038168757,13,5,2,0
311,127624,15749,0.0665988592747889,10,7,1,0
601,56292,30121,0.4849411260055333,6,5,2,0
552,141785,42487,0.5686128155786825,15,5,0,1
798,116206,98947,0.043389885154763164,12,7,4,0
334,99274,38361,0.5730691243750208,14,7,4,0
389,32469,26223,0.31354595960204706,15,3,2,0
717,83947,77930,0.17973940677232433,8,3,2,0
414,52534,19056,0.0461172451656981,2,3,1,0
495,93620,33380,0.30037456084225067,18,6,3,0
800,78874,31035,0.4767093266944492,19,6,3,0
792,79708,35620,0.42425188636001887,4,3,1,0
374,104553,24877,0.030135606878384257,9,3,3,0
712,98344,60316,0.0437411012207421,16,8,0,1
675,79138,69041,0.24172396957958225,14,8,3,0
719,84302,58352,0.17717429642876595,7,7,1,0
576,77638,35911,0.13943059383362869,14,4,3,0
693,108249,37784,0.16860269934522815,13,4,4,0
756,135865,8191,0.48208964597813075,19,3,2,1
491,32719,38160,0.5575368321791123,6,5,0,0
398,52890,95536,0.24306161671653984,11,3,4,0
847,107236,69641,0.5436666012794982,16,8,4,0
395,66509,54723,0.19289742074872918,16,7,1,0
489,72534,8631,0.285862191806275,9,3,2,0
336,132302,11172,0.13561739868959982,18,9,2,0
668,122241,47080,0.38428562530550636,13,5,0,1
824,48787,94097,0.5873886691048853,10,9,1,0
578,78845,95353,0.3620958576260272,1,7,0,0
516,87932,25281,0.21468845046812932,17,7,3,0
572,122124,33671,0.388690467594317,6,6,4,0
361,121659,56431,0.07375240707923254,11,2,0,1
641,63062,95900,0.5331954481592391,1,9,4,0
696,105713,97961,0.3018503704679018,19,6,1,0
318,117263,33602,0.2696098452237852,17,8,3,0
476,125756,93789,0.3515188730721115,5,1,1,0
695,90461,56399,0.3748703176736415,9,5,3,0
744,105418,28472,0.043065483735907815,19,1,3,1
532,96672,54230,0.4095703327340414,14,8,4,0
375,64832,78616,0.14515900818931773,4,8,1,0
564,61966,12099,0.4283715795039539,19,1,1,1
754,102545,30431,0.493520876630518,2,9,0,0
683,42987,61492,0.48237510453151217,4,2,1,0
805,67311,52684,0.33150058044473346,7,9,0,0
666,61575,35111,0.3121019353864507,7,1,2,0
443,93852,68936,0.08572557680364702,7,9,2,0
368,31007,27614,0.46520769024188136,11,4,2,0
398,100981,97260,0.16284562826802862,7,9,1,0
695,106242,46991,0.2980172536907679,10,7,1,0
324,77517,75476,0.17056445575651002,13,6,0,0
768,140022,65920,0.08029701779981588,7,5,3,0
783,59257,99294,0.37773461813504194,9,9,0,0
450,117272,68530,0.032599220893742294,6,2,2,0
443,72207,41224,0.44918714047572,16,2,0,1
338,43281,12788,0.19055207715667,3,9,3,0
408,91246,33082,8.081580269119204e-05,12,3,1,1
341,31435,94570,0.30667748354233787,3,8,0,0
485,128875,81816,0.028111145116561875,4,9,2,0
697,130686,88588,0.16570173469253968,3,8,2,0
522,121357,21531,0.4241858924734297,17,4,1,1
432,56660,93340,0.03761377297311952,5,1,0,0
462,35084,99439,0.5036030954136014,1,4,3,0
514,112197,49857,0.002291953595149865,10,9,1,0
534,43507,15142,0.14809432152114135,13,2,0,1
308,102595,53355,0.44454243369124286,4,3,4,0
373,113807,14866,0.18976208983758405,5,8,2,0
791,75539,75067,0.061135432839608116,9,6,3,0
552,145953,69027,0.21614035128025672,7,8,3,0
529,37491,62906,0.1622359718307153,13,7,3,0
818,142831,33138,0.5056271412963329,2,5,2,0
473,80192,97601,0.18800875055108587,11,9,0,0
467,110395,34956,0.4733594830656043,15,4,1,1
469,93888,81295,0.5351232868864408,16,6,0,0
692,103609,10439,0.2602904517459177,0,2,1,0
493,39077,52241,0.5459658863126352,9,2,3,0
816,147440,47533,0.22639083237791569,9,2,0,1
328,50953,33270,0.5784470498940649,1,7,3,0
464,106919,83815,0.05357371471534376,8,2,4,0
721,144682,44279,0.41221155990194563,12,2,3,0
638,97889,28888,0.2962884242741572,15,9,3,0
795,53821,22630,0.23258928327338824,17,7,1,1
664,67567,66063,0.37962712724916053,18,3,4,0
641,145374,40144,0.4223142549805987,11,3,3,0
799,54860,57161,0.0026179617901854525,7,7,3,0
810,51195,96074,0.10017185324831923,16,5,4,0
626,107475,82360,0.4278276303805912,14,6,4,0
516,120874,55979,0.3998312481469239,9,8,0,0
600,117266,11979,0.5796285030772063,14,9,1,0
431,51427,31189,0.45662267415046975,14,1,4,0
369,130732,47600,0.5704636246388028,6,3,4,0
551,57083,64560,0.42152430092088417,12,7,2,0
714,117046,83040,0.17883132518366587,16,6,4,0
744,87372,66558,0.06321895335051388,8,7,1,0
481,74064,91205,0.46909431800696133,7,8,3,0
466,37813,11910,0.38648953288554955,19,6,3,0
390,61598,62713,0.028911607435977735,17,3,3,0
830,142718,51857,0.21603027954058698,12,2,3,0
338,123106,39964,0.5740798892905716,15,7,2,0
425,57082,90667,0.3002406874261207,8,1,4,0
750,59241,30227,0.25963748161182276,11,3,3,0
472,126214,10978,0.2746197630955764,11,4,0,1
519,74569,92527,0.12532963440309822,5,1,3,0
357,41745,22153,0.22122430251887712,18,5,4,0
775,56029,64765,0.22188795359230598,6,3,3,0
755,43025,44071,0.031413012112483436,2,2,2,0
660,131660,74519,0.4605405771107509,15,3,1,1
300,44288,14503,0.24990265914232737,17,8,1,0
686,119186,65703,0.49330793208985396,15,6,4,0
647,36540,69379,0.5102088006719372,6,7,1,0
489,127768,62866,0.12719643281919482,3,6,1,0
804,111958,21905,0.3944120893020771,7,6,0,0
490,98878,50838,0.283369082497789,12,3,4,0
807,71846,63279,0.5280940427528911,12,8,4,0
668,131148,94489,0.12944440750587247,16,7,1,0
708,105932,31806,0.4066879201860265,16,7,1,0
416,47482,50000,0.36465127335163355,4,6,1,0
433,53411,27168,0.17718088654309966,5,5,2,0
357,80975,75119,0.08196054219070356,18,8,3,0
472,90545,43714,0.39098385628636595,12,5,2,0
448,142302,59093,0.4431584748793984,13,9,4,0
379,108797,60419,0.18937640625801,3,9,0,0
512,82307,54145,0.38689956241338824,6,1,3,0
502,33093,82425,0.23707854456690194,7,6,0,0
528,107258,97949,0.42792412996957063,12,7,4,0
526,52042,82811,0.11952916493643186,5,3,4,0
831,82930,7461,0.5341290015817046,5,7,0,0
740,147584,19291,0.17244575787934782,2,7,0,0
701,74413,51804,0.22067159265369174,2,2,0,0
346,143387,81971,0.03485517124820987,12,7,4,0
532,123623,98471,0.06690732739276584,1,1,1,0
604,127883,69946,0.30951714162739685,15,5,0,1
825,63756,89080,0.1605556060367829,5,9,3,0
442,83268,66332,0.5012881354453166,7,7,4,0
714,69214,82794,0.008816033192972306,7,7,2,0
812,111871,35841,0.2274564292031617,5,2,2,0
672,58602,53758,0.2024073280614556,13,8,3,0
558,83331,81272,0.011596578550560621,2,3,1,0
770,78901,42643,0.07462103940030614,9,8,0,0
311,129986,55408,0.24818560495118114,2,3,4,0
629,93416,48950,0.295718750668468,11,7,0,0
657,62196,61849,0.24257384835292145,16,2,4,0
707,35626,33044,0.3185626070472563,4,4,2,0
672,37424,20997,0.3570790049434089,19,6,0,1
307,42857,84751,0.005954292676701378,8,9,3,0
421,140459,28911,0.2784570956721023,19,5,1,1
647,145621,60533,0.578099544532553,6,9,3,0
389,49982,87566,0.31141936807772924,3,5,1,0
615,106961,99870,0.4065253604753719,12,8,0,0
477,31980,19571,0.1871183147501299,12,1,0,1
839,78290,99463,0.4643948268916575,9,7,1,0
340,56431,62941,0.46375288912566903,17,4,2,0
801,114976,63005,0.31277762859248337,16,5,4,0
444,137288,91250,0.5856082939675281,19,6,3,0
500,112711,63712,0.07533012885759202,19,5,3,0
760,144187,48541,0.010168598933748595,12,1,3,1
846,56385,28387,0.4620949270542576,16,9,0,1
552,68158,98980,0.48429332241892953,3,2,3,0
689,53019,53908,0.07212433747234574,0,9,4,0
555,48639,90457,0.15934969977516364,0,2,4,0
749,115530,18057,0.010531418019977345,14,9,1,0
309,129911,69028,0.1759851664683388,12,6,0,0
541,51563,60731,0.4638851243512029,16,9,4,0
550,69341,29858,0.31077631662754734,7,6,2,0
304,145672,53689,0.20885735590097285,17,6,0,1
418,35776,49638,0.22304357694379817,12,2,0,1
673,66444,96598,0.0008121754292808925,13,8,4,0
364,98916,51486,0.17988031653914152,7,3,2,0
445,38711,25567,0.38787524498275827,7,7,1,0
523,104318,34739,0.5845166662898142,14,5,4,0
538,112970,62804,0.5082364961903397,12,3,2,0
476,142301,8754,0.014156978787317476,6,1,0,1
581,115553,32044,0.5391363628049036,4,8,2,0
362,60707,72260,0.46991904797917555,16,3,0,1
516,69110,71912,0.4682256741425882,15,2,4,0
760,91788,13706,0.2747974554021429,1,1,4,0
404,112879,13894,0.2388031757727017,17,4,3,0
398,68827,23037,0.18174943729991558,16,8,3,0
810,137188,88986,0.03941691537261947,6,3,3,0
684,35655,86942,0.13694121809621945,12,1,4,0
704,74859,56612,0.14796218098681477,17,4,1,1
817,83625,34725,0.29044624182612094,13,9,4,0
775,82098,10926,0.4484666439580164,17,1,2,1
736,45251,14496,0.28428589703876794,12,2,4,0
322,30526,61447,0.034706669668296365,10,9,4,0
757,98760,34806,0.5746738805929223,15,2,0,1
382,77837,93199,0.5656345914564673,16,3,0,1
444,41536,46321,0.471113725889045,7,7,0,0
384,58541,70095,0.5947967409385323,18,3,4,0
377,109083,27656,0.32668939968015775,19,9,1,0
756,81027,60147,0.5776610101519236,14,6,2,0
300,64531,96396,0.045363024370050464,8,3,2,0
350,38712,54666,0.2194084489568228,19,9,1,0
745,134101,87368,0.1352287608040595,9,1,1,1
748,95455,43787,0.11749985048056201,11,3,2,1
787,104744,67946,0.08448176933560565,19,1,3,1
333,35109,26727,0.37344818493959797,0,2,0,0
647,79268,73056,0.46879311344838304,19,8,0,0
394,130737,8081,0.3469790396522164,8,7,2,0
371,84615,39196,0.0881776257529258,14,2,1,1
453,112503,41735,0.4866742619600825,0,2,3,0
549,59759,85102,0.3815728242982371,11,9,2,0
737,115708,84578,0.23289942367619731,2,6,0,0
417,90112,30498,0.40447817732163777,10,5,4,0
605,132471,81865,0.1559429875456997,1,6,1,0
567,56589,36656,0.2071153250965263,15,9,4,0
353,60015,72695,0.5504915058791942,8,7,2,0
535,59009,42900,0.17430270340285223,14,9,0,0
688,113309,89899,0.28199296089476195,11,4,3,0
700,92046,52701,0.5340846824376088,0,2,4,0
602,136661,24033,0.42463281016051646,12,8,3,0
506,56143,15805,0.03732193569882165,13,4,0,1
528,36154,40851,0.08838182656738221,7,9,4,0
374,51804,31832,0.00470495446315009,7,4,3,0
734,71688,68437,0.378553074137498,11,8,3,0
402,94288,18944,0.268604055246251,0,9,4,0
721,81195,24873,0.08056491054136532,10,9,0,0
605,50581,45372,0.5747604726340623,7,4,3,0
397,82648,94464,0.3177958343673719,9,1,2,0
634,60087,20379,0.1451359764677335,18,3,4,1
734,79930,41751,0.3003621426928245,10,9,1,0
746,62981,94822,0.40777219964106465,6,4,1,0
607,99298,10110,0.04574353078413868,10,5,0,1
548,76167,59341,0.1648222890287352,16,7,2,0
465,105304,17087,0.48417929453039615,0,5,3,0
780,73408,28762,0.27579892224159674,7,4,1,0
634,69499,87617,0.3279462852193769,5,2,0,0
841,82269,14596,0.25968960132568153,17,2,2,1
405,68559,23313,0.02633996558580307,5,4,2,0
380,144126,71549,0.09944986789209355,4,9,0,0
432,104319,28705,0.26732498324513454,12,8,0,0
437,141925,72364,0.1255112792447567,18,3,3,0
483,125317,78445,0.02998741719580724,7,9,0,0
700,126347,83645,0.5061897984310942,8,5,3,0
629,78787,7023,0.5887155174984695,16,3,3,0
807,65488,64796,0.47588572439804366,2,5,4,0
368,104441,85073,0.5122709530228002,18,4,2,0
845,104663,97197,0.14518627819022722,10,8,2,0
352,52431,69429,0.5763761853079198,16,5,2,0
749,91681,66627,0.11815542267205703,18,8,4,0
504,93483,38848,0.5708578862170993,1,9,3,0
425,79153,42804,0.5968915763795706,7,4,3,0
342,36368,20379,0.4270336834476292,18,7,0,1
410,57424,64664,0.5886862390750931,6,2,4,0
482,142360,32766,0.3417238677402622,16,6,0,1
394,75004,73099,0.15572506990565418,5,8,4,0
673,113869,41060,0.2621975313993725,18,7,0,1
819,118652,99733,0.35613656122727155,5,7,1,0
659,142755,74122,0.04384893721620899,1,8,2,0
580,86985,21087,0.37340595877034766,5,7,2,0
494,80069,53868,0.5887067020573767,4,5,3,0
494,82326,28225,0.11406458987023657,18,7,1,1
392,138737,11643,0.47555706977303,19,3,2,1
360,111061,98059,0.5447392762677716,3,5,3,0
350,53398,41727,0.5662209556921325,16,7,1,0
702,128393,16005,0.5760813626432683,10,9,2,0
304,80861,70697,0.3128757832328832,3,2,0,0
765,105897,21029,0.5863847447949022,12,4,4,0
833,111905,19226,0.4543861242806633,19,7,1,1
704,98577,68646,0.09700286174217713,16,1,3,1
812,95641,65603,0.286140063880782,8,2,1,1
532,39078,33731,0.4309987052232024,3,9,3,0
823,55003,73926,0.14840418949144998,13,7,1,0
645,92768,10997,0.3843691101293324,18,7,3,0
345,81047,60506,0.3999602874279715,2,6,2,0
845,101626,83229,0.09761984628513953,13,3,0,1
377,87660,54815,0.33905118747165375,7,3,2,0
372,134386,47092,0.46297614658716457,0,2,0,0
548,79786,67539,0.2993373987215651,9,6,2,0
346,31925,71077,0.007261870065664455,17,4,2,0
420,113976,26817,0.005423081447575306,15,5,1,1
513,135221,42861,0.2142176063820073,7,3,4,0
538,147832,18428,0.5557164410590691,0,6,3,0
355,56015,48934,0.13720606776216526,11,3,3,0
649,63320,15258,0.38061821332301227,7,8,3,0
406,94881,62775,0.13324552241599233,15,9,0,0
347,120827,86580,0.19300199379572916,17,4,3,0
636,132215,99947,0.5088252537608904,3,9,3,0
325,56289,10469,0.4373168653619681,5,7,1,0
556,33389,33854,0.05723956638792638,11,3,2,0
307,55683,11256,0.25722121259186015,8,7,3,0
552,43629,81256,0.01750185818715868,14,1,4,0
602,91550,38937,0.2885340879618054,15,3,3,0
355,54826,6651,0.39746040702064084,11,6,0,0
825,130734,55288,0.07110157415889093,13,4,0,1
773,56630,89730,0.17333096334549938,12,7,0,0
327,128762,30051,0.23870197530129414,1,3,3,0
377,76163,32386,0.5517186147936298,2,1,1,0
515,128511,80054,0.5959530092537784,9,9,4,0
685,96435,21184,0.026946779397369513,8,6,3,0
664,41653,38787,0.4566047540972352,19,8,1,0
825,57961,26621,0.22303443984140595,7,3,1,1
611,111941,80564,0.235474911737688,9,8,3,0
306,104137,82984,0.4525589840082136,18,2,3,0
302,63662,64792,0.5510558592872452,2,4,1,0
662,128818,50253,0.5705571567015291,4,3,1,0
807,86446,39051,0.34627355162299245,2,1,1,0
573,51288,54811,0.21427269558030168,15,7,3,0
805,125081,35447,0.47252945151526754,16,2,1,1
314,66877,88930,0.15060082995738014,14,4,0,1
491,141562,35254,0.33844441730011066,2,9,3,0
784,45313,89045,0.21514707691492388,11,6,0,0
327,110885,62418,0.39397864422472567,8,8,2,0
338,102715,19472,0.14423934773610414,11,2,3,0
572,40326,8471,0.11495576744089546,14,7,2,0
530,140091,13329,0.5509434520052622,1,6,1,0
385,31560,39865,0.06108220976972214,17,9,1,0
773,109148,51850,0.30357474464095896,19,7,4,0
425,113186,59220,0.13251166977780535,11,1,1,1
836,56745,98808,0.02335797799540047,3,8,2,0
444,61890,11397,0.021611290974855833,15,3,1,1
824,50022,40525,0.1051330632634964,15,2,3,1
511,82579,58072,0.5200622127036001,0,3,1,0
324,100316,95106,0.16948724638621598,1,6,4,0
693,113847,88820,0.5702755023451774,2,3,1,0
366,58380,89530,0.3489733757935161,19,5,2,0
532,140198,28284,0.26196851386125963,16,6,2,0
408,32356,66330,0.34805330080167274,19,8,1,0
445,100326,88369,0.3100190311357606,0,7,2,0
410,122447,30122,0.4552657522543951,19,8,2,0
527,144994,75553,0.16949763958371136,5,3,4,0
410,119899,86906,0.2118302349601814,14,4,3,0
769,50049,99788,0.5364565815199505,13,6,4,0
333,105717,67812,0.5678739078902433,19,7,0,0
668,135361,12999,0.5355349364918847,14,9,4,0
724,46082,27436,0.25166879637438816,13,1,1,1
817,30661,47963,0.46821930180412896,4,8,3,0
581,67412,7096,0.28580143998065927,5,8,1,0
619,144015,30279,0.2985239112876613,16,6,0,1
742,32920,31201,0.12280806543437037,10,4,3,0
614,121194,24715,0.35467818195510986,15,3,2,1
676,144306,34309,0.11168153865200876,11,3,4,0
588,90315,20078,0.19893881944031624,14,6,1,1
736,109561,61614,0.5130181209719611,3,8,0,0
576,38946,10105,0.12424548552651313,17,7,2,0
802,124242,99848,0.04269497110405968,2,1,4,0
815,75500,7839,0.04140455556768978,7,6,2,0
649,134540,73920,0.5644707123018647,2,7,4,0
745,46309,48619,0.3041522627771008,7,7,3,0
649,85230,47821,0.245647243090211,17,9,2,0
436,141822,18493,0.48652714860475105,9,5,2,0
542,128656,22069,0.5014955567463096,19,1,2,1
842,60027,12531,0.19931461986936275,16,2,3,1
339,102541,42051,0.4161708344842771,7,4,0,0
528,142340,12736,0.4626736895111319,10,5,4,0
847,144846,12710,0.3927904121195727,4,9,2,0
522,89321,72155,0.09095704488005962,12,1,3,0
305,30956,18975,0.5255298501102342,4,3,0,0
621,130375,67424,0.3234567316416052,12,5,4,0
767,104131,50603,0.16948345582200222,5,3,3,0
374,77908,28252,0.25513691126261634,4,4,4,0
303,108339,85797,0.02254265423934443,8,3,2,0
417,55963,6431,0.07672008073345053,15,4,0,1
803,131757,79603,0.4593280503095165,1,1,3,0
740,69443,42481,6.980853219684668e-06,0,8,0,0
493,129259,97573,0.2499394970893753,7,4,2,0
691,69063,14557,0.31350610865135303,18,7,0,1
325,144225,79971,0.032780652000583374,10,2,0,1
734,146400,5162,0.5838468977833997,11,2,1,1
472,110818,39742,0.13567519874980316,11,6,0,1
599,34703,24675,0.18251923178176852,6,2,4,0
625,95128,78997,0.1823655073530164,12,6,3,0
709,102099,22015,0.13824999727040993,7,2,1,1
417,55849,55057,0.0008842932517868496,8,4,3,0
524,61860,37591,0.4376068764527978,6,7,3,0
831,61585,98583,0.5801072998795712,14,8,2,0
412,52015,14833,0.13457608997102702,1,3,2,0
439,107539,12896,0.39782831508205346,19,9,1,0
300,73585,37972,0.44513779617522903,11,2,2,0
389,56958,54733,0.5090552274543149,0,8,2,0
619,56017,46800,0.2535775182081655,7,8,2,0
849,106707,10347,0.18175854338425754,4,4,3,0
438,75350,64063,0.19517708041381868,14,1,1,1
810,42201,7643,0.4275727998591077,0,1,3,0
558,59426,45785,0.4900676799033816,0,2,4,0
309,47778,23681,0.1089683806539616,9,9,3,0
560,75241,55026,0.22256460489465912,9,2,4,0
471,72229,20892,0.54116411804949,14,2,0,1
312,116652,52299,0.4840161118168435,16,6,0,0
467,148402,22073,0.5909150416574854,5,7,4,0
620,78364,35682,0.4525489558092484,2,7,4,0
618,128833,19289,0.23591712061675335,12,9,3,0
628,114878,12927,0.35438270039678266,15,6,4,0
849,87056,53330,0.39660855254839217,7,8,1,0
718,57490,71707,0.04707348979027437,14,6,0,1
394,49975,82454,0.32669817546231905,16,2,0,1
617,56723,70428,0.4255924970835657,16,1,4,0
535,53279,55601,0.10039278240063622,12,5,2,0
633,108301,82465,0.46837903045533424,16,9,2,0
675,142214,7539,0.35026366830846695,5,8,4,0
758,41561,27669,0.5713330714185567,16,4,1,1
436,137435,75968,0.025453378924135017,15,5,2,0
846,96061,25644,0.15919568253328018,13,5,4,0
812,118397,23745,0.3609323275798944,12,6,1,1
595,79153,33228,0.1779359473235584,5,3,1,0
619,63142,39521,0.42865449844274534,2,5,3,0
648,56916,31928,0.45540316951315857,13,2,1,1
528,94324,23322,0.061509578439884666,13,1,2,1
569,74965,62714,0.30831267852406063,14,1,2,1
590,34648,92896,0.3053343333546335,7,7,4,0
464,65133,67292,0.22156846212932463,14,2,4,0
304,80677,34055,0.5597549175418033,12,4,1,0
678,126059,47891,0.4965037919239327,16,5,0,1
377,124588,86912,0.41832562914578203,2,7,3,0
709,129950,11588,0.42859598144099853,5,2,0,1
431,128317,95536,0.27702968628787145,4,6,1,0
341,100135,11304,0.5525967126579455,16,1,1,1
388,65046,12345,0.4167572563519712,1,7,0,0
701,77064,34300,0.43738863699348984,14,9,3,0
595,131459,29259,0.5170145422724072,4,5,0,0
594,136625,96006,0.1644429536053146,19,5,4,0
825,99350,93553,0.4842425423200218,5,4,2,0
721,75893,20352,0.11714436177389521,5,3,4,0
322,131520,38365,0.2072051713469327,17,9,2,0
442,91272,24446,0.20136627256190562,17,5,1,1
444,122152,7336,0.5871152810334843,3,8,3,0
524,97649,67032,0.5139223342487561,16,9,0,0
802,94674,80415,0.4207019169541558,13,5,3,0
403,149044,12521,0.43623405696923406,13,9,0,0
338,138542,76707,0.33724367664154264,12,2,4,0
497,43760,28481,0.5682544002651114,6,9,4,0
690,51927,23474,0.2977552517294169,11,4,0,1
478,116475,51760,0.2283106259219367,14,6,3,0
747,91367,60718,0.0978212021589546,18,6,0,1
799,127955,49629,0.47172339135663477,10,6,1,0
314,42588,50232,0.44066635924535486,14,2,4,0
588,131678,91544,0.23061302311448093,11,7,1,0
777,134734,72169,0.015116048375537615,2,6,4,0
530,148154,55669,0.5033983966308064,16,1,4,0
719,82233,83021,0.006850790072444179,2,2,2,0
456,74738,74184,0.42221986777743054,18,7,1,0
849,63397,52945,0.5821542658356342,19,1,1,1
740,112189,18140,0.26259679688892207,3,1,2,0
396,106367,88457,0.14098404299757164,2,1,3,0
710,101260,19357,0.422922606026029,15,8,1,0
588,106619,73673,0.4902768852093511,11,4,0,0
553,141453,70633,0.3278581896467084,7,4,2,0
495,49816,81943,0.5802211651536877,16,2,1,0
821,72240,83258,0.03100123299477666,6,1,3,0
816,36276,17924,0.3028773589827169,10,9,1,0
417,143939,74286,0.43107236839353,17,7,4,0
458,134199,98269,0.5175842826895074,0,4,0,0
527,109530,79071,0.10755336714467402,2,6,2,0
515,53499,62326,0.48000208905820885,3,2,4,0
314,118576,95023,0.3316242454311272,12,7,3,0
456,138856,35651,0.23793220919397792,5,2,4,0
560,112495,75202,0.07902901714745614,13,8,4,0
456,101635,53777,0.5191774553453474,4,8,3,0
346,137803,21994,0.0943639249078292,15,1,4,1
623,115112,72263,0.18587271552545953,14,8,2,0
429,65946,64634,0.17402731917746211,14,2,1,1
710,85204,15800,0.5228484205145125,3,6,4,0
394,81886,42823,0.4036217965253388,7,1,2,0
591,101652,68878,0.4780088383148234,15,5,1,0
582,45563,23708,0.15028073927549937,15,7,1,0
368,122324,17819,0.37492445976419936,3,1,4,0
310,122464,79905,0.3430475898862492,12,2,2,0
553,131872,68870,0.49969822607296266,12,7,4,0
849,39847,14283,0.5436522362887563,1,6,3,0
433,56155,35573,0.0072940628864320844,2,3,1,0
322,109671,83707,0.4044119514352756,7,2,4,0
645,146891,35933,0.03110147947183741,14,4,1,1
601,113310,10774,0.32931519904641354,10,3,2,0
662,97278,77055,0.1725796374262069,8,7,0,0
695,48309,15983,0.1840659597132847,6,8,4,0
517,30619,23133,0.21177510207141395,12,2,4,0
440,113194,19939,0.3727754694297661,1,7,1,0
509,80108,5781,0.20042997940126153,7,8,2,0
759,64707,61700,0.43961943035416823,6,6,3,0
655,50337,32624,0.2427164313443218,11,6,2,0
623,111537,11823,0.041011920185975166,18,1,4,1
432,96504,23489,0.4702559054904643,6,4,3,0
426,77614,44961,0.1714549947556236,9,1,2,0
405,121428,34118,0.25966012775955755,15,4,0,1
677,121155,86816,0.4112663299331409,2,2,1,0
350,30281,27263,0.1994736942892272,9,5,2,0
328,57420,18565,0.03395139368802937,5,9,2,0
761,110896,25354,0.22435262820768814,17,3,0,1
595,69030,47951,0.566669149616582,17,8,4,0
596,31058,96179,0.3850406383791349,4,3,1,0
706,116213,28648,0.40288748920032413,6,6,2,0
704,106260,55729,0.3793692921825839,1,4,3,0
645,58404,46971,0.11939528337566208,10,8,2,0
719,133482,23658,0.25100031846136805,12,6,1,1
481,135284,26253,0.45056387901799094,4,8,2,0
300,59856,69166,0.06082373853189549,5,1,0,0
670,39200,53563,0.16671166565382736,13,6,2,0
730,94178,31390,0.16579146507951217,11,1,2,1
608,63997,93664,0.2592113565567036,3,1,3,0
436,55611,56578,0.588221244565311,5,8,0,0
501,149273,84025,0.040501528010293164,9,7,0,0
735,71235,37658,0.311220596628357,17,3,2,1
612,147428,11852,0.10761880920732626,14,6,3,0
416,65057,99986,0.5824059272458465,7,9,2,0
543,31239,7551,0.06798210283647851,8,7,2,0
836,133674,76947,0.24216060141695472,4,3,1,0
374,144474,66001,0.4427309909007637,9,6,1,0
685,95661,54159,0.42273265681646716,19,4,3,0
509,75272,56707,0.25363718213635933,5,3,4,0
774,119393,38243,0.20791450077163093,15,9,1,0
717,91212,26800,0.23856742713172233,2,2,4,0
646,45398,80939,0.15856575789518357,9,1,0,1
828,86503,62828,0.12319976322407988,10,2,1,1
478,36638,12239,0.28982381853533395,10,7,1,0
481,36570,11710,0.1611202536405644,16,1,3,1
324,98785,26384,0.17247699893835006,3,6,4,0
479,39110,26038,0.3940536380847342,3,7,1,0
800,135899,45846,0.5811223990199353,16,9,1,0
460,109141,92983,0.36218232033562503,8,8,3,0
476,42115,72821,0.04618768023897977,18,6,3,0
584,69062,42991,0.04535016831244019,4,3,4,0
362,52911,84057,0.5708539325073395,5,8,0,0
455,134061,11971,0.17837447418440017,2,7,0,0
768,62556,34139,0.05524019164948526,0,3,2,0
348,108131,90445,0.3594267522902289,19,9,1,0
383,31969,82067,0.37418926697415966,15,2,4,0
660,73753,85257,0.3891028920712129,10,3,1,0
447,112811,89742,0.16044121671452477,12,2,4,0
641,34470,42711,0.00906641052868502,9,1,4,0
775,40225,11530,0.5790092216726831,2,4,4,0
362,137860,16116,0.15053582741466148,8,5,1,0
659,137510,70794,0.4056157728315285,11,6,3,0
626,138295,5282,0.4239779219272257,13,5,1,1
440,53196,84473,0.3660044502476914,0,1,4,0
514,135823,6898,0.18774443652818892,17,3,2,1
734,43669,9135,0.16265775225843945,16,1,0,1
617,67380,11629,0.35860096962162186,8,5,4,0
331,140677,90120,0.5196573801670149,8,5,2,0
584,145886,94087,0.5680402373540373,9,6,3,0
604,78320,70031,0.06354348264225458,18,8,4,0
728,77414,38380,0.09289716755863191,14,1,2,1
776,133542,22071,0.5668417552698478,4,4,4,0
585,45577,25074,0.44192113700087554,14,1,1,1
443,118009,95724,0.5297962948978638,19,9,2,0
723,85409,72843,0.12157958048120589,1,7,1,0
318,58625,44901,0.3525515226656411,12,7,1,0
317,111040,16205,0.4206837566504842,15,5,2,0
670,54089,60661,0.40806713126818356,14,7,0,0
474,66487,10906,0.24489101452001885,9,2,2,0
493,95838,7591,0.009236935014785086,13,4,0,1
801,126999,67987,0.3497556340825579,9,7,4,0
412,140448,68370,0.15186092350776526,13,3,4,0
413,124795,85685,0.2701525476857342,8,2,2,0
521,80138,59400,0.5745486090502904,13,2,4,0
563,72823,30150,0.23942119058546082,2,1,3,0
354,67208,36852,0.503880963998656,19,5,1,1
757,84061,47870,0.11312436344955068,15,6,1,1
461,60659,57756,0.4034762988150173,1,6,0,0
679,131376,61481,0.5862041726633661,9,9,4,0
386,61890,6283,0.061135860523762076,2,4,0,0
354,109134,38691,0.004991965336315207,10,1,1,1
775,77055,6125,0.2601496755795686,10,6,1,1
477,142269,72065,0.055575289830820315,12,5,4,0
690,49508,31170,0.4490306098057388,6,6,3,0
648,72287,13438,0.5487291983091354,16,3,3,0
307,108916,25095,0.26041258362525527,1,2,4,0
612,56984,21154,0.15522698529326456,11,6,4,0
742,140169,13004,0.2606419914039659,9,1,0,1
627,38125,14752,0.4340686907100006,17,7,4,0
353,66059,60426,0.005432496948222587,10,7,3,0
538,99569,31819,0.3536723936908183,15,7,4,0
528,133409,97051,0.3679750109324274,16,1,0,1
350,47087,29217,0.3826129481375613,18,4,0,1
563,136437,93708,0.14521324798852633,17,7,0,1
717,145262,37994,0.42843163402687606,2,9,0,0
395,35704,20036,0.054834891799065845,15,5,2,0
387,90576,82275,0.11956220188008049,5,2,4,0
377,103384,54416,0.5264820279926892,11,7,1,0
587,117128,14587,0.4432338904359398,10,1,4,0
419,141279,5645,0.00824733240680715,14,7,2,0
790,102460,35930,0.1490257562218801,14,6,0,1
751,57208,86835,0.12864388979589872,15,7,2,0
799,148516,35090,0.16248379682218353,9,3,3,0
464,115150,92489,0.14853586216793183,11,3,3,0
481,96024,57142,0.03751577744570744,12,7,4,0
768,69882,31475,0.2753643099580922,3,2,4,0
306,55923,23888,0.4396400848716991,6,1,1,0
629,144044,48732,0.36403903483046185,1,9,1,0
450,131477,86623,0.40372300115884785,14,9,3,0
384,59165,51305,0.04868950712174349,7,7,0,0
446,97203,51037,0.5708944261060723,6,7,2,0
680,121749,14346,0.5030951003058148,14,3,1,1
847,34114,5587,0.4830541910973976,13,2,1,1
584,94965,17763,0.49379028302506045,7,7,0,0
381,66321,64165,0.5596263048796568,11,9,0,0
813,103297,74615,0.3265523796682186,12,1,4,0
822,126652,41116,0.12016921072057553,10,4,2,0
685,129304,90751,0.3700701647115247,16,6,0,1
770,143942,96353,0.4457288962007634,16,7,1,0
418,55426,95301,0.4427504360124152,3,7,1,0
695,47772,30556,0.31286941450012806,7,2,3,0
831,133754,64042,0.04107523160014683,4,4,0,1
560,33712,23099,0.2226677630580767,15,5,4,0
555,31367,50096,0.5524599650780144,3,1,2,0
525,136493,76986,0.3506693458544556,14,1,4,0
352,137317,18230,0.32299916595342804,11,3,1,1
799,145142,34009,0.1613121086293161,4,3,4,0
805,121736,75969,0.22106935194994734,15,8,1,0
663,81924,38866,0.5372076534919016,13,9,1,0
579,33726,89246,0.39987782851610143,9,1,1,0
457,119152,81975,0.4724322160513997,6,2,1,0
358,57723,46855,0.2726072538405931,12,2,1,1
427,133110,86557,0.3781483316736947,19,4,3,0
414,130494,11416,0.14903016524592452,4,2,4,0
508,39108,77516,0.4232764981700918,2,7,3,0
825,107714,60915,0.2565608002220024,14,9,3,0
820,65643,23058,0.26552730888884735,3,7,0,0
536,61324,81637,0.389593394746129,14,6,0,0
580,133896,45718,0.561768372881356,13,1,0,1
658,113360,37602,0.03840380796517255,19,9,2,0
500,140896,79658,0.49484594240820456,18,5,0,1
577,38927,83112,0.17542986624731585,12,5,4,0
534,123680,63067,0.2663516727038267,9,6,3,0
793,126546,32516,0.013147997265005373,4,9,4,0
303,52443,92969,0.1806276467005878,19,8,0,0
741,109973,6089,0.3015787455780783,19,8,2,1
328,93449,42346,0.03370564640846341,5,8,2,0
408,139834,79663,0.2946574376298991,3,1,3,0
374,135314,15487,0.5562663773150563,1,1,4,0
445,106743,5155,0.06323593086468313,15,8,1,1
427,90233,72494,0.45866443684530256,17,5,4,0
341,55537,81229,0.24580263202559557,4,9,0,0
655,131293,43547,0.3931042287146028,3,2,1,0
340,107576,33795,0.1561419587911376,12,9,2,0
333,137522,60296,0.09569535752481496,18,8,3,0
316,52612,26447,0.09627756856273585,1,9,3,0
452,123977,41598,0.04229516738588679,12,4,2,0
677,36471,46814,0.1113880229407458,10,1,0,1
641,65631,95751,0.39853163099338096,3,1,2,0
326,138997,80330,0.5290143671061048,19,5,0,1
